Date,Open,High,Low,Close,Volume
2010-06-10,803.0,807.0,797.0,800.9,5242
2010-06-11,802.0,961.1,802.0,922.8,1307210
2010-06-14,844.0,930.5,844.0,904.35,461796
2010-06-15,909.0,976.95,901.4,939.4,825692
2010-06-16,940.0,974.0,930.3,940.7,191224
2010-06-17,945.0,957.4,932.0,937.65,72808
2010-06-18,945.8,955.95,913.25,922.15,61818
2010-06-21,922.15,943.0,918.0,923.15,40233
2010-06-22,923.15,936.9,911.2,921.6,20376
2010-06-23,912.0,928.5,904.0,909.85,12612
2010-06-24,912.95,928.0,900.0,908.95,31914
2010-06-25,912.0,914.95,890.0,896.75,20612
2010-06-28,900.0,905.0,889.0,900.45,11569
2010-06-29,900.45,967.0,892.5,914.8,82790
2010-06-30,905.0,944.8,905.0,917.0,22340
2010-07-01,925.0,931.0,905.0,910.95,8814
2010-07-02,907.0,927.1,896.0,901.9,11526
2010-07-05,903.0,971.3,901.0,933.35,189648
2010-07-06,949.95,982.0,922.25,934.6,276916
2010-07-07,934.6,955.0,924.2,939.8,115457
2010-07-08,945.25,969.8,940.0,955.3,110463
2010-07-09,956.55,960.0,931.65,937.75,29050
2010-07-12,944.1,950.0,934.3,938.8,16602
2010-07-13,945.0,959.9,935.0,938.0,24705
2010-07-14,949.0,958.0,941.0,945.35,23694
2010-07-15,941.0,956.9,941.0,944.9,13648
2010-07-16,944.9,960.0,940.0,945.2,125784
2010-07-19,940.0,985.0,940.0,963.1,112346
2010-07-20,965.05,976.8,955.0,965.45,25063
2010-07-21,970.0,975.75,952.65,958.9,59913
2010-07-22,958.0,999.7,912.65,984.4,145399
2010-07-23,995.0,1007.0,960.0,968.7,77685
2010-07-26,990.0,1014.0,974.0,988.15,127882
2010-07-27,990.0,1000.05,965.1,969.75,24414
2010-07-28,982.3,990.0,970.25,987.45,27276
2010-07-29,992.0,999.0,981.5,993.7,15204
2010-07-30,999.0,1005.0,981.0,984.1,9685
2010-08-02,986.0,996.0,986.0,991.55,12823
2010-08-03,988.05,1039.0,987.5,1029.55,73239
2010-08-04,1030.0,1044.9,1017.0,1038.3,23686
2010-08-05,1041.0,1047.85,1002.25,1008.7,15581
2010-08-06,1012.0,1038.9,985.6,996.75,23073
2010-08-09,1008.0,1024.95,999.05,1014.9,14323
2010-08-10,1024.8,1024.8,1002.0,1011.55,3981
2010-08-11,1021.5,1021.5,1000.0,1009.1,5219
2010-08-12,1004.5,1150.0,982.25,1098.35,305925
2010-08-13,1100.0,1128.7,1065.05,1092.15,68985
2010-08-16,1103.6,1120.0,1060.0,1085.65,113194
2010-08-17,1087.0,1120.0,1085.0,1104.95,18501
2010-08-18,1095.0,1115.0,1080.1,1098.75,14235
2010-08-19,1098.0,1128.5,1091.0,1098.5,18151
2010-08-20,1098.0,1125.0,1070.5,1092.65,10764
2010-08-23,1082.0,1114.0,1052.3,1071.7,13799
2010-08-24,1077.0,1090.0,1055.15,1081.3,13633
2010-08-25,1070.0,1092.0,1054.0,1059.45,35733
2010-08-26,1065.0,1224.0,1063.4,1199.3,579900
2010-08-27,1210.0,1278.0,1210.0,1247.65,454923
2010-08-30,1265.0,1269.45,1213.6,1229.55,92275
2010-08-31,1230.0,1340.3,1223.45,1255.7,268913
2010-09-01,1267.25,1288.9,1254.2,1265.15,67254
2010-09-02,1250.0,1315.0,1250.0,1276.45,61947
2010-09-03,1293.8,1309.4,1265.0,1270.1,69645
2010-09-06,1282.0,1302.0,1266.25,1273.35,31414
2010-09-07,1270.0,1290.0,1265.0,1267.95,15636
2010-09-08,1270.0,1287.75,1258.7,1265.75,39612
2010-09-09,1273.0,1275.0,1242.1,1261.15,15274
2010-09-13,1269.0,1270.0,1225.1,1231.75,10437
2010-09-14,1232.0,1249.95,1230.0,1238.95,20608
2010-09-15,1232.1,1274.0,1172.65,1210.8,23152
2010-09-16,1217.9,1247.0,1206.1,1234.4,18799
2010-09-17,1206.1,1245.8,1206.1,1221.85,17726
2010-09-20,1215.0,1229.9,1185.2,1219.4,51211
2010-09-21,1225.0,1230.0,1180.3,1204.0,31344
2010-09-22,1225.0,1225.0,1170.0,1173.35,9936
2010-09-23,1199.0,1199.0,1121.05,1167.5,39520
2010-09-24,1180.0,1195.0,1161.1,1176.55,15485
2010-09-27,1182.0,1224.0,1170.0,1211.95,23073
2010-09-28,1211.95,1222.0,1165.0,1207.95,26658
2010-09-29,1230.0,1258.0,1205.1,1248.0,25708
2010-09-30,1223.0,1240.0,1206.0,1222.7,13190
2010-10-01,1238.0,1309.8,1230.2,1291.9,62199
2010-10-04,1271.0,1439.85,1265.0,1373.5,137038
2010-10-05,1373.0,1378.8,1331.55,1346.2,37889
2010-10-06,1347.0,1374.6,1300.2,1337.1,17268
2010-10-07,1346.0,1346.0,1270.0,1277.0,20165
2010-10-08,1270.15,1320.0,1260.4,1266.75,15129
2010-10-11,1299.9,1320.0,1272.5,1289.55,33448
2010-10-12,1299.0,1313.75,1275.0,1282.7,16029
2010-10-13,1297.85,1310.0,1272.15,1281.9,15199
2010-10-14,1297.85,1299.0,1240.0,1262.15,18212
2010-10-15,1285.0,1299.0,1250.0,1286.05,25086
2010-10-18,1232.6,1295.0,1232.6,1271.95,7393
2010-10-19,1289.5,1295.0,1265.5,1272.0,62589
2010-10-20,1267.15,1294.9,1235.5,1243.45,10775
2010-10-21,1259.5,1261.0,1241.0,1249.35,7982
2010-10-22,1263.9,1263.9,1240.0,1243.35,2935
2010-10-25,1258.85,1274.0,1245.0,1253.15,8004
2010-10-26,1255.0,1321.0,1241.0,1293.15,22779
2010-10-27,1305.0,1305.0,1272.15,1284.3,3597
2010-10-28,1290.05,1310.0,1270.1,1274.55,9136
2010-10-29,1290.0,1293.0,1258.0,1280.95,9253
2010-11-01,1299.8,1310.0,1280.0,1298.55,7032
2010-11-02,1321.95,1336.3,1286.15,1326.25,32644
2010-11-03,1331.05,1423.0,1330.0,1392.95,64414
2010-11-04,1402.25,1424.85,1365.55,1400.7,27692
2010-11-05,1410.0,1419.0,1400.0,1410.75,4046
2010-11-08,1415.0,1447.85,1400.0,1424.35,37100
2010-11-09,1430.0,1430.0,1360.5,1384.65,9669
2010-11-10,1362.1,1399.85,1341.45,1347.75,23467
2010-11-11,1357.75,1363.95,1310.0,1317.0,16557
2010-11-12,1316.0,1329.0,1253.0,1276.15,16421
2010-11-15,1280.0,1280.0,1215.05,1235.2,34613
2010-11-16,1240.15,1298.0,1236.0,1279.35,32677
2010-11-18,1296.0,1300.0,1262.0,1275.9,10962
2010-11-19,1299.0,1299.0,1180.1,1212.7,16144
2010-11-22,1221.05,1237.8,1193.7,1204.6,106298
2010-11-23,1207.0,1225.0,1159.95,1182.4,30113
2010-11-24,1206.0,1206.0,1150.5,1153.25,12485
2010-11-25,1195.0,1195.0,1133.0,1157.15,11763
2010-11-26,1152.25,1174.85,1076.0,1101.4,14836
2010-11-29,1146.95,1170.0,1080.1,1147.65,21728
2010-11-30,1165.7,1200.0,1133.45,1186.7,30813
2010-12-01,1184.0,1210.0,1184.0,1190.4,5618
2010-12-02,1234.85,1242.4,1203.0,1222.95,12635
2010-12-03,1211.0,1235.0,1180.0,1230.45,11679
2010-12-06,1234.65,1236.0,1210.0,1230.1,6848
2010-12-07,1234.0,1237.95,1150.1,1220.6,7015
2010-12-08,1208.0,1229.75,1185.0,1222.6,5299
2010-12-09,1243.85,1243.85,1182.0,1210.05,8992
2010-12-10,1200.0,1204.1,1165.0,1194.35,17596
2010-12-13,1182.0,1195.2,1141.9,1171.75,30530
2010-12-14,1182.0,1199.0,1165.0,1192.1,7694
2010-12-15,1199.0,1200.0,1165.1,1175.5,47093
2010-12-16,1165.15,1196.9,1150.0,1179.95,38566
2010-12-20,1167.05,1202.95,1163.4,1178.7,15484
2010-12-21,1177.15,1204.95,1160.0,1170.8,25293
2010-12-22,1182.0,1191.0,1163.0,1166.9,4986
2010-12-23,1174.0,1189.0,1170.0,1181.4,5084
2010-12-24,1183.0,1189.0,1160.05,1183.95,5215
2010-12-27,1189.0,1200.0,1186.0,1197.55,4575
2010-12-28,1192.3,1200.0,1182.4,1193.7,1387
2010-12-29,1196.95,1256.0,1182.0,1196.9,44201
2010-12-30,1190.1,1225.0,1177.15,1218.8,28986
2010-12-31,1219.3,1243.95,1206.15,1235.25,25378
2011-01-03,1249.0,1289.0,1235.0,1250.55,20823
2011-01-04,1262.0,1270.0,1235.0,1238.0,9930
2011-01-05,1238.3,1299.0,1230.0,1237.9,33044
2011-01-06,1248.0,1248.0,1207.0,1209.4,6567
2011-01-07,1197.0,1219.0,1160.0,1189.1,28217
2011-01-10,1188.0,1188.0,980.3,1106.3,205716
2011-01-11,1077.0,1157.0,1077.0,1100.15,15934
2011-01-12,1060.6,1157.0,1060.6,1151.55,10947
2011-01-13,1164.0,1178.85,1141.25,1169.05,5705
2011-01-14,1160.0,1170.0,1142.35,1161.0,3928
2011-01-17,1169.2,1169.2,1131.1,1148.8,6791
2011-01-18,1137.0,1155.95,1130.0,1131.05,6069
2011-01-19,1125.0,1135.2,1100.1,1118.35,3388
2011-01-20,1109.85,1117.85,1090.0,1097.65,1394
2011-01-21,1090.0,1116.95,1081.0,1085.2,5240
2011-01-24,1098.5,1120.0,1080.0,1108.25,5375
2011-01-25,1120.0,1140.0,1090.05,1130.7,4510
2011-01-27,1130.0,1130.0,1051.05,1075.0,22287
2011-01-28,1090.0,1090.0,1026.6,1049.6,33342
2011-01-31,1040.0,1059.95,981.0,1022.9,94711
2011-02-01,1029.0,1075.0,970.0,1004.15,38223
2011-02-02,1024.0,1147.5,1010.0,1074.8,429147
2011-02-03,1078.8,1103.9,1036.0,1081.75,48491
2011-02-04,1060.05,1097.0,1035.0,1069.05,16862
2011-02-07,1080.5,1159.0,1072.55,1079.6,51887
2011-02-08,1095.0,1103.95,1055.0,1076.95,13949
2011-02-09,1053.4,1078.05,1029.95,1060.85,7759
2011-02-10,1060.0,1068.0,1040.0,1065.95,4471
2011-02-11,1063.0,1080.0,1047.2,1068.95,2892
2011-02-14,1078.35,1111.95,1078.35,1087.25,3269
2011-02-15,1090.65,1100.5,1080.0,1095.0,2825
2011-02-16,1088.95,1099.0,1075.5,1090.45,5963
2011-02-17,1084.0,1111.1,1050.0,1062.6,16819
2011-02-18,1060.0,1088.05,1040.0,1048.55,7374
2011-02-21,1053.0,1090.0,1033.0,1047.9,13478
2011-02-22,1047.0,1060.0,1022.25,1051.05,7334
2011-02-23,1041.0,1069.0,1029.0,1060.7,5726
2011-02-24,1050.0,1059.8,1015.1,1029.1,5166
2011-02-25,1035.0,1050.0,995.0,1037.75,6492
2011-03-01,1079.9,1119.0,1050.0,1096.85,121109
2011-03-03,1093.0,1112.75,1077.05,1103.4,12459
2011-03-04,1134.6,1134.6,1056.0,1068.1,18163
2011-03-07,1040.0,1069.0,1035.0,1058.65,7655
2011-03-08,1058.7,1065.75,1039.0,1049.3,31275
2011-03-09,1055.0,1060.0,1025.0,1033.3,7260
2011-03-10,1035.0,1039.85,1014.0,1034.45,28874
2011-03-11,1020.0,1059.0,1020.0,1043.45,4236
2011-03-14,1030.0,1110.45,1030.0,1079.75,41042
2011-03-15,1050.0,1117.9,1040.0,1096.9,23832
2011-03-16,1105.0,1149.0,1086.0,1140.35,82009
2011-03-17,1131.0,1149.9,1103.0,1147.65,14065
2011-03-18,1152.0,1171.05,1130.5,1159.3,16185
2011-03-21,1159.85,1199.0,1140.0,1180.1,15483
2011-03-22,1177.95,1228.0,1172.95,1213.8,15502
2011-03-23,1218.0,1228.0,1204.0,1224.95,4170
2011-03-24,1190.2,1255.0,1190.2,1241.85,16096
2011-03-25,1240.0,1259.9,1240.0,1255.0,7240
2011-03-28,1265.0,1267.85,1222.5,1254.7,13341
2011-03-29,1245.0,1329.0,1245.0,1295.85,26260
2011-03-30,1315.0,1359.9,1301.1,1344.45,19189
2011-03-31,1359.0,1363.0,1276.0,1344.3,28175
2011-04-01,1340.0,1364.45,1322.0,1336.5,22917
2011-04-04,1330.0,1367.9,1312.0,1326.2,7078
2011-04-05,1334.75,1334.8,1280.0,1287.1,8702
2011-04-06,1298.95,1308.0,1251.0,1256.65,10930
2011-04-07,1264.95,1275.0,1250.15,1260.6,7930
2011-04-08,1266.05,1287.0,1252.25,1267.8,18043
2011-04-11,1267.0,1286.95,1241.35,1268.65,7297
2011-04-13,1267.0,1286.0,1261.15,1274.75,26981
2011-04-15,1277.6,1279.95,1253.0,1263.1,11656
2011-04-18,1279.95,1284.7,1225.1,1241.35,11164
2011-04-19,1250.0,1271.0,1212.0,1241.9,7991
2011-04-20,1264.85,1271.0,1248.0,1268.55,3156
2011-04-21,1269.95,1269.95,1242.0,1256.4,7495
2011-04-25,1250.25,1269.7,1230.0,1241.3,18453
2011-04-26,1247.85,1264.95,1234.0,1239.5,14452
2011-04-27,1258.85,1339.8,1251.25,1255.4,25671
2011-04-28,1273.4,1274.0,1235.1,1253.95,7912
2011-04-29,1257.05,1260.0,1233.0,1247.45,9089
2011-05-02,1259.95,1259.95,1198.0,1214.75,16079
2011-05-03,1211.45,1230.0,1176.0,1179.1,3899
2011-05-04,1180.75,1180.75,1120.0,1148.1,24970
2011-05-05,1125.5,1191.0,1114.0,1161.55,13526
2011-05-06,1165.0,1180.0,1136.0,1150.35,32312
2011-05-09,1165.0,1340.0,1165.0,1289.5,419920
2011-05-10,1292.0,1304.9,1206.0,1247.35,116163
2011-05-11,1260.05,1302.0,1260.0,1290.4,31211
2011-05-12,1275.0,1305.95,1265.15,1280.8,18166
2011-05-13,1272.6,1295.0,1271.0,1287.55,9395
2011-05-16,1276.0,1313.5,1276.0,1297.5,21859
2011-05-17,1295.05,1309.0,1270.0,1283.4,10790
2011-05-18,1285.0,1294.0,1262.25,1287.45,9834
2011-05-19,1284.0,1301.55,1270.05,1294.4,8928
2011-05-20,1300.0,1325.9,1293.55,1309.05,73782
2011-05-23,1315.05,1332.0,1300.1,1320.2,18160
2011-05-24,1315.0,1375.0,1312.05,1333.2,43948
2011-05-25,1358.0,1399.0,1310.35,1329.45,16499
2011-05-26,1333.65,1360.0,1297.95,1327.25,7200
2011-05-27,1335.85,1365.0,1295.05,1350.55,10837
2011-05-30,1335.65,1355.0,1335.0,1346.4,9634
2011-05-31,1345.95,1365.0,1325.05,1334.9,6470
2011-06-01,1329.25,1370.0,1329.2,1352.4,7299
2011-06-02,1372.0,1372.0,1346.0,1354.45,9151
2011-06-03,1332.0,1359.8,1320.0,1331.15,3154
2011-06-06,1329.95,1354.85,1313.05,1333.35,3653
2011-06-07,1339.95,1347.0,1320.4,1335.15,7820
2011-06-08,1342.0,1375.0,1285.0,1300.9,17327
2011-06-09,1317.4,1324.85,1304.95,1308.55,3187
2011-06-10,1322.0,1344.0,1307.3,1320.4,5274
2011-06-13,1312.05,1330.0,1306.0,1311.4,1967
2011-06-14,1329.8,1329.8,1307.0,1314.55,15190
2011-06-15,1312.0,1328.0,1287.85,1292.0,3137
2011-06-16,1263.0,1398.7,1263.0,1283.75,131594
2011-06-17,1261.3,1335.0,1231.0,1244.05,45217
2011-06-20,1232.0,1280.25,1193.0,1202.2,144659
2011-06-21,1202.0,1230.0,1200.0,1206.6,138562
2011-06-22,1215.05,1228.0,1180.55,1208.4,145052
2011-06-23,1219.0,1235.85,1193.0,1229.0,2319
2011-06-24,1244.9,1286.7,1220.25,1278.55,7226
2011-06-27,1252.0,1313.9,1252.0,1305.25,7168
2011-06-28,1295.0,1319.5,1295.0,1317.05,2938
2011-06-29,1307.0,1326.0,1306.15,1314.7,1735
2011-06-30,1319.95,1325.4,1295.05,1300.45,1789
2011-07-01,1319.95,1322.75,1300.0,1302.4,2015
2011-07-04,1319.0,1330.0,1300.05,1310.05,8220
2011-07-05,1295.2,1311.0,1294.9,1298.25,5011
2011-07-06,1295.0,1313.95,1241.65,1303.25,1518
2011-07-07,1309.05,1324.8,1295.0,1315.05,2950
2011-07-08,1326.75,1328.0,1300.0,1316.35,3866
2011-07-11,1310.05,1310.05,1300.0,1302.8,1545
2011-07-12,1291.1,1365.0,1285.05,1297.95,8386
2011-07-13,1301.0,1336.0,1300.0,1326.3,7980
2011-07-14,1333.8,1346.0,1312.2,1318.5,8962
2011-07-15,1332.0,1332.95,1304.65,1317.5,1427
2011-07-18,1290.1,1338.0,1282.6,1328.9,1583
2011-07-19,1321.35,1365.0,1321.35,1340.0,8378
2011-07-20,1342.8,1359.0,1342.3,1346.75,5251
2011-07-21,1330.1,1345.65,1324.0,1328.3,1933
2011-07-22,1311.0,1343.75,1311.0,1328.4,11492
2011-07-25,1344.0,1354.0,1315.1,1340.85,2307
2011-07-26,1326.5,1344.0,1295.0,1331.5,4338
2011-07-27,1336.0,1336.0,1311.0,1314.85,1185
2011-07-28,1310.15,1325.0,1310.0,1310.3,901
2011-07-29,1310.1,1330.0,1306.0,1320.3,1735
2011-08-01,1388.0,1447.0,1345.2,1357.15,23124
2011-08-02,1361.0,1379.8,1325.0,1329.6,4655
2011-08-03,1314.0,1350.0,1310.0,1345.95,3247
2011-08-04,1352.0,1364.9,1295.0,1335.2,6886
2011-08-05,1280.0,1355.0,1265.3,1349.9,7503
2011-08-08,1340.0,1356.0,1300.0,1327.7,8929
2011-08-09,1300.0,1337.0,1293.0,1331.2,4157
2011-08-10,1331.0,1349.0,1322.0,1336.2,7849
2011-08-11,1330.0,1345.0,1301.5,1339.55,7198
2011-08-12,1338.9,1349.0,1317.0,1345.85,2256
2011-08-16,1352.0,1361.0,1296.25,1329.75,7874
2011-08-17,1315.0,1368.95,1315.0,1359.65,5929
2011-08-18,1399.0,1399.0,1323.25,1354.0,8045
2011-08-19,1327.5,1350.0,1309.9,1348.35,10036
2011-08-22,1329.0,1364.9,1316.95,1356.3,4520
2011-08-23,1325.0,1394.0,1325.0,1332.9,4507
2011-08-24,1360.0,1360.0,1320.0,1322.55,1982
2011-08-25,1315.1,1343.0,1315.1,1338.4,11047
2011-08-26,1346.5,1346.5,1320.0,1337.0,9355
2011-08-29,1323.0,1354.9,1311.25,1334.6,5596
2011-08-30,1301.0,1355.0,1301.0,1344.25,10577
2011-09-02,1356.3,1379.0,1320.05,1339.35,6952
2011-09-05,1322.1,1350.0,1322.1,1337.3,2595
2011-09-06,1322.2,1384.9,1322.2,1370.95,5457
2011-09-07,1385.0,1496.0,1360.1,1465.4,88412
2011-09-08,1475.0,1518.0,1380.25,1400.5,68963
2011-09-09,1420.0,1453.8,1391.1,1431.85,89147
2011-09-12,1424.0,1486.7,1401.3,1446.9,23987
2011-09-13,1460.0,1501.1,1420.0,1449.6,13742
2011-09-14,1445.0,1468.0,1425.1,1453.45,11430
2011-09-15,1450.0,1470.0,1422.25,1448.7,6161
2011-09-16,1445.0,1490.0,1439.95,1471.3,73597
2011-09-19,1445.5,1544.05,1444.0,1499.25,31893
2011-09-20,1495.0,1565.0,1494.95,1555.75,86282
2011-09-21,1545.0,1625.0,1545.0,1615.15,43212
2011-09-22,1614.0,1650.0,1555.15,1573.65,61033
2011-09-23,1558.0,1635.0,1511.2,1602.7,37149
2011-09-26,1610.0,1634.4,1585.0,1608.35,19993
2011-09-27,1600.0,1648.9,1591.0,1601.15,22474
2011-09-28,1595.0,1618.95,1585.0,1597.6,7602
2011-09-29,1589.6,1613.95,1575.0,1606.1,6645
2011-09-30,1598.05,1645.0,1595.0,1605.85,11430
2011-10-03,1590.0,1637.0,1590.0,1627.8,6426
2011-10-04,1621.0,1697.95,1621.0,1648.3,30718
2011-10-05,1674.9,1679.85,1605.1,1616.75,3283
2011-10-07,1627.0,1658.5,1605.0,1612.25,35120
2011-10-10,1604.25,1689.85,1604.2,1679.3,81069
2011-10-11,1715.0,1728.0,1640.05,1657.05,17476
2011-10-12,1679.9,1693.0,1632.1,1641.85,13431
2011-10-13,1659.0,1659.85,1620.1,1638.3,11764
2011-10-14,1644.7,1657.0,1623.0,1644.75,5936
2011-10-17,1649.1,1650.0,1640.0,1643.75,25050
2011-10-18,1636.0,1671.0,1626.95,1647.7,16742
2011-10-19,1655.9,1662.0,1610.2,1644.75,10193
2011-10-20,1636.1,1656.0,1633.0,1650.7,5675
2011-10-21,1650.0,1658.95,1635.4,1649.1,10307
2011-10-24,1656.0,1680.0,1630.0,1635.25,1493
2011-10-25,1631.05,1674.0,1631.05,1666.35,3480
2011-10-26,1673.0,1673.0,1640.05,1649.8,1180
2011-10-28,1665.0,1674.8,1650.45,1658.6,2514
2011-10-31,1650.0,1705.9,1641.0,1691.05,8127
2011-11-01,1698.5,1698.5,1675.1,1688.0,2808
2011-11-02,1661.05,1709.55,1661.05,1678.95,7436
2011-11-03,1685.05,1740.0,1684.05,1721.3,7866
2011-11-04,1722.05,1750.0,1722.05,1742.8,9072
2011-11-08,1743.0,1762.0,1720.05,1735.25,4296
2011-11-09,1750.0,1750.0,1700.0,1715.3,3705
2011-11-11,1735.0,1752.0,1675.5,1700.3,18183
2011-11-14,1703.0,1725.0,1665.1,1680.3,12871
2011-11-15,1672.0,1703.3,1661.1,1667.4,109614
2011-11-16,1660.0,1678.8,1585.0,1640.7,22033
2011-11-17,1633.0,1653.0,1605.1,1645.25,7938
2011-11-18,1616.0,1645.0,1576.0,1635.55,6221
2011-11-21,1650.0,1670.0,1590.3,1630.5,6402
2011-11-22,1618.0,1635.0,1590.0,1599.8,1606
2011-11-23,1630.0,1630.0,1593.05,1604.8,5096
2011-11-24,1629.0,1629.0,1590.15,1613.5,4057
2011-11-25,1602.05,1621.0,1602.05,1610.25,82303
2011-11-28,1631.05,1631.05,1601.1,1611.5,16151
2011-11-29,1619.3,1620.4,1600.0,1605.95,1304
2011-11-30,1600.05,1644.15,1600.0,1613.5,4503
2011-12-01,1615.1,1635.0,1560.1,1590.85,12121
2011-12-02,1615.0,1615.0,1563.2,1576.6,2188
2011-12-05,1577.05,1594.8,1575.1,1582.35,9337
2011-12-07,1594.0,1625.0,1589.8,1617.8,6539
2011-12-08,1604.05,1620.0,1552.2,1564.1,2420
2011-12-09,1560.0,1560.0,1532.5,1556.7,3950
2011-12-12,1560.0,1560.0,1491.05,1515.4,25801
2011-12-13,1525.0,1534.9,1501.0,1521.05,4578
2011-12-14,1510.0,1530.0,1445.0,1499.85,12596
2011-12-15,1481.05,1505.0,1462.55,1500.3,2618
2011-12-16,1500.0,1519.9,1450.25,1479.8,3780
2011-12-19,1500.0,1500.0,1412.55,1429.7,7587
2011-12-20,1412.0,1428.0,1360.25,1412.5,11074
2011-12-21,1450.0,1465.0,1405.05,1459.1,74222
2011-12-22,1459.1,1469.9,1420.15,1448.05,11198
2011-12-23,1434.0,1459.0,1434.0,1446.8,1193
2011-12-26,1455.0,1505.0,1451.0,1488.1,9664
2011-12-27,1499.0,1500.0,1469.0,1494.05,9883
2011-12-28,1500.0,1504.0,1463.05,1499.55,11105
2011-12-29,1483.3,1497.45,1468.0,1480.35,5084
2011-12-30,1475.05,1505.05,1470.0,1488.0,16683
2012-01-02,1509.85,1519.9,1471.0,1495.3,21832
2012-01-03,1515.0,1577.9,1481.0,1565.6,4378
2012-01-04,1539.0,1606.0,1515.0,1525.8,5485
2012-01-05,1545.0,1558.95,1500.0,1512.35,3639
2012-01-06,1529.95,1529.95,1486.1,1493.7,1984
2012-01-09,1494.0,1509.95,1453.0,1480.7,5991
2012-01-10,1495.0,1510.0,1481.0,1500.05,19725
2012-01-11,1505.0,1559.8,1485.1,1499.85,3900
2012-01-12,1516.3,1538.75,1505.0,1522.7,1122
2012-01-13,1529.95,1540.0,1520.0,1533.2,1820
2012-01-16,1540.0,1548.4,1501.1,1535.95,1026
2012-01-17,1519.95,1616.85,1519.95,1604.15,21043
2012-01-18,1570.5,1610.0,1570.5,1584.95,26323
2012-01-19,1571.0,1605.0,1560.1,1570.85,1167
2012-01-20,1550.55,1624.0,1550.55,1613.15,2841
2012-01-23,1590.5,1799.9,1590.5,1612.15,3513
2012-01-24,1615.0,1639.0,1602.4,1629.9,2010
2012-01-25,1639.0,1665.0,1612.15,1635.15,2173
2012-01-27,1610.15,1663.0,1603.0,1629.65,3585
2012-01-30,1628.0,1654.75,1606.0,1627.6,1926
2012-01-31,1625.0,1685.0,1610.0,1671.5,12779
2012-02-01,1661.0,1744.0,1657.0,1701.0,24856
2012-02-02,1734.0,1734.0,1680.5,1715.6,11789
2012-02-03,1716.0,1759.0,1696.0,1753.55,9586
2012-02-06,1760.0,1785.0,1750.0,1758.3,7813
2012-02-07,1768.0,1784.65,1722.0,1773.25,13897
2012-02-08,1760.0,1785.0,1760.0,1768.5,3593
2012-02-09,1771.0,1776.0,1725.25,1757.6,2523
2012-02-10,1749.0,1775.0,1731.15,1769.9,11926
2012-02-13,1787.0,1845.0,1695.0,1723.7,22485
2012-02-14,1726.0,1748.75,1710.0,1736.35,64210
2012-02-15,1723.0,1766.0,1708.0,1759.4,18495
2012-02-16,1765.0,1765.0,1711.2,1723.35,1710
2012-02-17,1745.0,1763.0,1725.1,1736.1,6673
2012-02-21,1721.55,1750.0,1711.0,1726.8,3129
2012-02-22,1727.0,1750.0,1700.0,1724.45,7829
2012-02-23,1720.0,1738.0,1708.7,1724.0,2853
2012-02-24,1713.0,1730.0,1688.6,1693.55,16447
2012-02-27,1695.0,1739.0,1651.0,1689.85,3440
2012-02-28,1677.0,1745.1,1650.25,1731.6,3143
2012-02-29,1757.0,1757.0,1710.0,1737.3,3125
2012-03-01,1723.3,1756.95,1691.0,1719.1,4144
2012-03-02,1721.0,1740.95,1692.45,1696.55,3233
2012-03-05,1695.1,1708.0,1655.0,1670.7,6501
2012-03-06,1660.0,1679.9,1652.9,1656.4,1979
2012-03-07,1643.05,1699.0,1634.5,1671.25,1310
2012-03-09,1680.1,1764.5,1680.1,1732.45,18622
2012-03-12,1759.9,1759.9,1710.1,1719.2,2226
2012-03-13,1712.8,1772.75,1712.8,1764.25,9396
2012-03-14,1744.5,1831.85,1740.0,1803.25,20457
2012-03-15,1800.0,1864.9,1785.0,1855.85,22000
2012-03-16,1855.0,1920.0,1855.0,1901.7,41710
2012-03-19,1900.0,1947.0,1870.0,1919.7,33553
2012-03-20,1910.75,1950.0,1900.0,1927.5,14643
2012-03-21,1911.1,1935.0,1900.0,1919.85,5879
2012-03-22,2000.0,2000.0,1900.0,1915.05,4789
2012-03-23,1915.25,1919.95,1899.45,1910.45,10093
2012-03-26,1881.3,1919.95,1837.05,1895.55,129861
2012-03-27,1880.0,1920.0,1838.0,1893.95,5386
2012-03-28,1888.0,1895.0,1856.05,1860.25,49985
2012-03-29,1941.0,1941.0,1845.0,1922.4,10630
2012-03-30,1911.1,2000.0,1911.1,1993.35,59650
2012-04-02,2020.0,2151.9,2016.0,2105.15,117262
2012-04-03,2125.0,2150.05,2102.25,2129.15,26526
2012-04-04,2110.1,2214.0,1901.2,2192.45,42074
2012-04-09,2175.0,2272.0,2100.1,2139.2,75819
2012-04-10,2202.8,2205.0,2060.0,2169.6,46527
2012-04-11,2159.0,2209.95,2109.0,2125.35,8537
2012-04-12,2126.05,2212.0,2126.05,2197.7,24703
2012-04-13,2180.0,2237.85,2171.0,2179.65,27264
2012-04-16,2200.0,2210.05,2151.25,2169.55,7043
2012-04-17,2169.0,2209.95,2169.0,2195.35,20618
2012-04-18,2210.0,2289.0,2210.0,2275.95,37219
2012-04-19,2288.65,2355.0,2275.95,2320.25,36608
2012-04-20,2302.0,2365.0,2288.0,2299.6,12997
2012-04-23,2310.0,2325.0,2231.0,2248.25,29947
2012-04-24,2260.0,2269.75,2187.25,2199.4,27029
2012-04-25,2189.0,2261.0,2150.0,2179.25,43031
2012-04-26,2229.65,2257.0,2195.0,2221.05,67747
2012-04-27,2237.3,2307.0,2222.05,2273.75,31196
2012-04-30,2297.0,2319.45,2266.0,2283.95,9366
2012-05-02,2290.1,2314.7,2253.05,2266.1,10425
2012-05-03,2290.0,2290.0,2215.1,2235.05,7453
2012-05-04,2216.05,2239.0,2137.95,2162.1,42234
2012-05-07,2344.7,2344.7,2107.0,2189.7,7482
2012-05-08,2193.9,2200.0,2141.5,2168.0,12807
2012-05-09,2131.2,2178.0,2111.25,2129.1,2025
2012-05-10,2115.0,2214.3,2060.25,2198.3,13922
2012-05-11,2198.95,2198.95,2155.0,2168.1,10110
2012-05-14,2170.0,2198.6,2042.0,2072.2,37400
2012-05-15,2070.0,2170.0,1967.5,2006.4,61389
2012-05-16,2010.0,2075.0,1951.25,2026.65,48879
2012-05-17,2084.95,2084.95,2037.0,2073.15,7064
2012-05-18,2069.95,2130.0,2050.0,2107.45,6433
2012-05-21,2088.0,2167.45,2077.0,2149.1,15001
2012-05-22,2160.1,2215.0,2146.35,2188.55,18070
2012-05-23,2189.0,2249.9,2180.0,2204.65,19944
2012-05-24,2234.95,2234.95,2195.2,2219.75,38843
2012-05-25,2201.5,2244.95,2180.5,2218.55,7870
2012-05-28,2202.5,2241.2,2200.0,2232.0,8812
2012-05-29,2239.85,2277.85,2215.05,2268.95,17945
2012-05-30,2268.95,2270.0,2220.0,2247.05,2428
2012-05-31,2242.15,2310.0,2222.0,2294.35,18631
2012-06-01,2334.95,2389.9,2220.0,2251.7,10518
2012-06-04,2261.0,2261.0,2111.3,2146.0,20771
2012-06-05,2174.95,2174.95,2120.05,2141.2,10288
2012-06-06,2151.4,2198.6,2135.0,2139.25,6645
2012-06-07,2160.05,2187.85,2131.1,2168.2,6261
2012-06-08,2160.0,2178.9,2149.4,2172.65,12006
2012-06-11,2156.25,2179.95,2140.0,2149.4,9500
2012-06-12,2128.0,2153.0,2122.05,2129.25,6502
2012-06-13,2129.25,2144.95,2018.45,2086.2,37471
2012-06-14,2071.0,2082.5,2052.1,2055.25,10115
2012-06-15,2060.0,2074.5,2026.0,2056.45,24123
2012-06-18,2045.0,2049.9,1975.0,1990.0,22817
2012-06-19,1999.85,2019.0,1987.2,1999.15,2613
2012-06-20,1975.95,2016.0,1975.95,1993.45,6476
2012-06-21,1996.05,2003.8,1980.0,1991.35,2468
2012-06-22,1990.0,2025.0,1975.0,2000.7,4920
2012-06-25,1990.8,2017.0,1981.0,2004.95,8830
2012-06-26,2005.05,2009.25,1980.05,1991.5,27556
2012-06-27,1997.0,2009.9,1994.0,2000.45,26719
2012-06-28,2017.7,2017.7,1952.6,1964.5,2349
2012-06-29,1999.95,2025.0,1966.05,1999.9,44717
2012-07-02,2018.95,2019.0,1980.0,1985.3,10294
2012-07-03,1987.0,2007.7,1936.05,1943.85,31631
2012-07-04,1950.05,1974.95,1940.05,1950.8,11151
2012-07-05,1955.0,2045.0,1955.0,1986.1,23294
2012-07-06,1990.0,2058.1,1990.0,2021.15,29375
2012-07-09,2015.0,2038.0,1989.65,1996.85,11604
2012-07-10,2010.0,2019.65,1995.0,2005.7,6294
2012-07-11,1990.0,2000.0,1985.0,1993.3,1867
2012-07-12,1979.1,1992.8,1948.0,1979.6,6344
2012-07-13,1985.05,1986.05,1927.15,1936.3,18352
2012-07-16,1959.65,1964.9,1946.0,1953.55,3731
2012-07-17,1950.05,1978.7,1901.35,1940.7,81258
2012-07-18,1932.3,1954.95,1916.0,1931.1,3123
2012-07-19,1940.65,1964.95,1940.65,1952.15,2579
2012-07-20,1950.0,1964.6,1945.0,1951.6,2832
2012-07-23,1950.0,1964.75,1930.0,1952.45,8011
2012-07-24,1942.05,1970.0,1925.0,1945.85,3793
2012-07-25,1948.9,1984.85,1925.0,1960.9,7046
2012-07-26,1954.0,1983.9,1945.0,1952.05,6605
2012-07-27,1942.65,1960.0,1942.65,1950.35,1894
2012-07-30,1946.0,1986.85,1942.45,1959.8,58866
2012-07-31,1943.65,1973.0,1940.05,1956.25,13407
2012-08-01,1955.0,1955.0,1901.05,1923.9,20462
2012-08-02,1912.0,1969.9,1910.0,1964.75,18921
2012-08-03,1935.0,2000.0,1935.0,1993.55,10141
2012-08-06,2008.75,2088.95,1990.05,2032.65,16879
2012-08-07,2055.15,2085.0,2044.95,2075.65,45366
2012-08-08,2075.0,2107.0,2075.0,2089.95,6412
2012-08-09,2044.0,2118.95,2044.0,2087.85,7257
2012-08-10,2050.0,2087.75,2030.0,2068.55,29417
2012-08-13,2085.05,2098.95,2060.0,2079.35,5087
2012-08-14,2075.0,2108.9,2075.0,2101.8,22496
2012-08-16,2121.85,2299.95,2121.85,2221.25,38974
2012-08-17,2225.05,2287.8,2211.05,2225.25,25171
2012-08-21,2250.0,2284.8,2192.25,2229.85,8619
2012-08-22,2232.15,2245.0,2220.0,2232.0,6110
2012-08-23,2235.75,2319.95,2210.0,2222.45,9103
2012-08-24,2201.0,2249.5,2062.0,2183.2,16596
2012-08-27,2155.4,2227.6,2155.4,2172.5,30685
2012-08-28,2186.65,2192.2,2110.7,2150.75,10488
2012-08-29,2150.0,2158.65,2086.4,2140.1,8448
2012-08-30,2135.4,2150.0,2092.8,2120.15,12571
2012-08-31,2125.0,2199.0,2095.05,2144.8,9362
2012-09-03,2150.0,2209.4,2075.0,2117.5,21418
2012-09-04,2119.0,2121.95,2060.0,2079.9,22150
2012-09-05,2080.0,2112.0,2055.05,2064.05,25428
2012-09-06,2063.0,2099.0,2050.1,2065.55,6173
2012-09-07,2076.0,2088.4,2072.5,2083.0,7196
2012-09-10,2083.6,2099.0,2075.0,2089.15,8138
2012-09-11,2099.0,2160.0,2080.0,2110.3,34572
2012-09-12,2101.1,2188.0,2101.1,2160.2,7129
2012-09-13,2194.0,2250.0,2165.0,2238.2,33885
2012-09-14,2247.25,2275.0,2221.0,2269.6,13486
2012-09-17,2272.95,2325.1,2269.6,2316.0,11300
2012-09-18,2310.0,2314.95,2270.0,2291.65,5701
2012-09-20,2270.85,2275.1,2215.0,2242.65,14934
2012-09-21,2299.85,2300.0,2143.05,2208.85,40248
2012-09-24,2301.1,2306.95,2219.85,2261.55,10354
2012-09-25,2298.85,2298.85,2222.0,2230.75,2536
2012-09-26,2257.95,2260.0,2234.0,2245.55,3537
2012-09-27,2299.9,2399.9,2232.0,2238.4,2244
2012-09-28,2270.25,2370.0,2213.3,2311.2,30890
2012-10-01,2349.95,2357.95,2247.95,2258.85,11867
2012-10-03,2240.0,2319.0,2239.95,2293.35,11542
2012-10-04,2309.9,2309.95,2265.25,2272.9,38389
2012-10-05,2285.95,2323.0,2282.2,2302.7,14084
2012-10-08,2332.0,2332.0,2237.0,2248.5,38365
2012-10-09,2297.95,2297.95,2251.05,2263.7,18500
2012-10-10,2234.0,2286.0,2234.0,2238.5,7178
2012-10-11,2350.0,2350.0,2230.0,2240.7,3553
2012-10-12,2211.65,2271.9,2211.65,2225.1,6321
2012-10-15,2227.5,2258.65,2205.0,2207.6,7504
2012-10-16,2190.0,2227.0,2066.5,2222.9,1555
2012-10-17,2245.0,2280.85,2230.0,2248.8,2705
2012-10-18,2236.0,2314.95,2236.0,2299.2,4814
2012-10-19,2285.05,2310.0,2252.55,2302.45,3663
2012-10-22,2290.0,2307.95,2275.0,2288.95,3479
2012-10-23,2293.25,2379.0,2289.85,2346.9,21531
2012-10-25,2358.45,2405.0,2350.0,2391.75,33733
2012-10-26,2396.95,2397.0,2355.0,2365.7,16950
2012-10-29,2382.85,2382.85,2314.95,2315.5,2171
2012-10-30,2370.0,2370.0,2275.0,2314.95,16454
2012-10-31,2369.0,2370.0,2290.05,2320.0,10406
2012-11-01,2273.6,2375.0,2273.6,2350.8,17462
2012-11-02,2380.0,2399.95,2301.1,2391.35,26187
2012-11-05,2355.65,2414.7,2355.65,2410.35,95242
2012-11-06,2424.95,2628.8,2413.1,2542.05,68122
2012-11-07,2545.0,2622.0,2509.0,2599.55,19301
2012-11-08,2590.0,2595.0,2521.5,2561.9,13825
2012-11-09,2565.0,2574.25,2497.0,2503.25,11057
2012-11-12,2480.0,2600.0,2405.0,2576.1,33914
2012-11-13,2600.0,2618.0,2562.35,2585.15,1726
2012-11-15,2630.0,3049.85,2480.0,2507.15,25640
2012-11-16,2500.0,2548.95,2371.15,2404.85,16057
2012-11-19,2444.0,2444.0,2320.0,2336.5,11784
2012-11-20,2409.95,2449.0,2335.45,2355.2,142221
2012-11-21,2383.95,2390.0,2340.0,2372.8,6511
2012-11-22,2345.05,2399.0,2345.05,2372.05,10240
2012-11-23,2375.0,2477.0,2365.0,2427.0,18235
2012-11-26,2449.95,2600.0,2449.95,2582.6,48100
2012-11-27,2598.0,2659.0,2551.55,2612.6,28119
2012-11-29,2612.6,2775.0,2465.75,2704.8,82502
2012-11-30,2704.75,2760.0,2650.0,2738.25,83594
2012-12-03,2738.0,2828.0,2735.0,2808.6,20448
2012-12-04,2818.0,2875.0,2800.0,2861.85,112546
2012-12-05,2860.0,2860.0,2751.0,2768.45,17802
2012-12-06,2796.0,2796.0,2735.0,2777.45,54453
2012-12-07,2769.5,2834.0,2670.55,2690.15,9762
2012-12-10,2749.0,2795.0,2636.3,2670.05,10677
2012-12-11,2675.05,2717.85,2651.75,2682.8,4711
2012-12-12,2720.0,2749.0,2685.0,2707.0,10318
2012-12-13,2712.15,2745.0,2652.85,2695.65,11435
2012-12-14,2681.0,2731.8,2670.0,2706.7,8543
2012-12-17,2787.85,2787.85,2700.05,2708.55,4015
2012-12-18,2710.2,2734.0,2670.0,2694.7,2808
2012-12-19,2700.0,2734.45,2691.1,2716.95,4947
2012-12-20,2727.0,2744.1,2710.0,2723.4,5208
2012-12-21,2711.55,2735.0,2670.05,2687.7,5085
2012-12-24,2687.7,2700.05,2651.55,2683.4,4610
2012-12-26,2675.0,2962.95,2671.0,2814.15,31160
2012-12-27,2823.7,2920.0,2735.0,2752.85,31325
2012-12-28,2778.95,2824.7,2750.0,2802.55,9434
2012-12-31,2820.0,2930.0,2780.0,2906.6,25113
2013-01-01,2906.6,2950.0,2860.1,2923.05,12251
2013-01-02,2920.0,2920.0,2841.2,2855.35,13047
2013-01-03,2898.7,2910.0,2850.0,2860.25,4819
2013-01-04,2993.95,2993.95,2802.0,2822.7,8686
2013-01-07,2899.75,2899.75,2820.05,2843.45,9687
2013-01-08,2778.0,2874.95,2778.0,2794.75,5814
2013-01-09,2814.0,2835.0,2747.0,2767.3,7239
2013-01-10,2819.95,2855.0,2753.05,2806.1,13802
2013-01-11,2790.2,2848.0,2782.55,2810.8,10583
2013-01-14,2869.7,2894.0,2741.0,2764.5,5855
2013-01-15,2789.2,2819.95,2765.5,2774.35,9575
2013-01-16,2798.5,2798.8,2765.0,2774.2,7726
2013-01-17,2794.9,2794.95,2710.0,2730.65,10045
2013-01-18,2735.6,2786.95,2681.15,2712.25,5673
2013-01-21,2762.0,2762.0,2685.0,2693.05,3662
2013-01-22,2695.05,2705.0,2675.0,2697.25,13530
2013-01-23,2685.05,2713.85,2650.0,2671.25,44685
2013-01-24,2693.85,2775.0,2630.15,2699.55,14660
2013-01-25,2717.95,2717.95,2638.15,2653.85,11312
2013-01-28,2699.85,2699.85,2625.0,2640.1,12138
2013-01-29,2668.65,2740.0,2610.0,2730.95,23591
2013-01-30,2731.0,2789.0,2686.0,2762.6,25251
2013-01-31,2775.0,2845.0,2755.0,2820.35,14240
2013-02-01,2857.95,2865.0,2783.8,2841.2,13324
2013-02-04,2783.9,2907.95,2751.15,2878.85,15482
2013-02-05,2878.85,2910.0,2865.05,2876.7,34877
2013-02-06,2897.9,2897.9,2755.0,2773.7,7442
2013-02-07,2820.05,2840.0,2768.0,2786.05,7596
2013-02-08,2780.0,2810.0,2715.0,2740.15,13122
2013-02-11,2751.1,2789.0,2680.0,2741.25,2195
2013-02-12,2769.0,2769.0,2631.0,2671.35,23111
2013-02-13,2751.0,2751.0,2590.0,2624.7,24352
2013-02-14,2624.7,2719.1,2624.6,2687.0,98341
2013-02-15,2693.9,2695.0,2652.3,2659.3,2143
2013-02-18,2659.35,2696.15,2651.4,2689.55,114002
2013-02-19,2699.8,2891.0,2698.2,2839.65,70301
2013-02-20,2830.15,2864.0,2781.05,2813.9,21152
2013-02-21,2761.05,2814.6,2761.05,2791.6,6994
2013-02-22,2849.75,2849.9,2780.0,2795.9,9375
2013-02-25,2801.45,2815.0,2750.1,2782.05,30243
2013-02-26,2869.8,2869.8,2750.0,2769.45,17765
2013-02-27,2755.0,2784.55,2752.0,2776.95,9101
2013-02-28,2780.0,2818.6,2740.0,2770.65,27945
2013-03-01,2829.0,2840.0,2743.0,2772.8,11599
2013-03-04,2772.0,2828.0,2762.05,2780.8,6488
2013-03-05,2849.0,2849.0,2785.8,2799.25,14381
2013-03-06,2837.0,2837.0,2772.35,2784.2,3421
2013-03-07,2815.0,2819.0,2773.0,2786.75,5604
2013-03-08,2804.1,2804.1,2772.9,2793.95,3719
2013-03-11,2843.0,2843.0,2750.0,2763.7,8662
2013-03-12,2784.65,2795.0,2753.05,2765.15,4151
2013-03-13,2765.0,2799.7,2740.0,2772.25,4452
2013-03-14,2772.25,2779.0,2750.05,2765.55,1349
2013-03-15,2769.0,2799.0,2760.0,2790.45,18819
2013-03-18,2789.4,2805.0,2750.0,2774.75,4853
2013-03-19,2775.0,2785.8,2672.0,2766.65,37519
2013-03-20,2778.75,2800.0,2722.5,2750.1,33670
2013-03-21,2799.8,2799.8,2701.0,2772.7,21639
2013-03-22,2767.9,2767.95,2630.5,2678.85,17400
2013-03-25,2680.0,2724.05,2572.55,2606.75,5101
2013-03-26,2699.9,2699.9,2511.55,2563.05,3170
2013-03-28,2570.0,2573.0,2520.0,2562.2,59786
2013-04-01,2560.2,2599.0,2546.7,2551.85,25636
2013-04-02,2530.0,2788.0,2501.0,2702.5,13534
2013-04-03,2702.0,2725.0,2670.25,2697.0,4522
2013-04-04,2700.0,2700.0,2645.0,2657.75,5340
2013-04-05,2631.0,2712.0,2630.9,2664.3,6907
2013-04-08,2708.95,2708.95,2680.4,2702.5,4932
2013-04-09,2630.0,2739.0,2630.0,2728.8,87920
2013-04-10,2799.8,2800.0,2690.0,2784.8,10739
2013-04-11,2798.0,2825.0,2758.95,2808.1,57276
2013-04-12,2795.0,2820.0,2751.0,2756.25,106283
2013-04-15,2759.95,2780.0,2707.0,2734.0,6516
2013-04-16,2707.1,2734.0,2611.15,2721.05,8070
2013-04-17,2766.95,2767.75,2700.0,2710.75,2966
2013-04-18,2631.0,2730.0,2631.0,2686.95,5578
2013-04-22,2703.0,2885.0,2662.35,2873.05,85945
2013-04-23,2851.0,2851.0,2813.05,2824.2,2998
2013-04-25,2849.9,2920.65,2816.65,2913.45,14085
2013-04-26,2883.7,2900.0,2873.0,2894.1,5343
2013-04-29,2881.15,2950.0,2872.45,2924.05,7262
2013-04-30,2955.0,2976.0,2867.1,2958.4,25988
2013-05-02,3026.0,3075.0,2939.6,3061.95,30226
2013-05-03,3050.0,3150.0,3011.05,3132.55,13810
2013-05-06,3120.0,3180.0,3107.05,3176.6,35166
2013-05-07,3135.0,3193.9,3120.3,3139.7,26455
2013-05-08,3187.0,3187.0,3078.85,3135.2,12481
2013-05-09,3127.8,3127.8,3030.0,3078.5,14846
2013-05-10,3089.5,3089.5,3033.0,3064.9,29045
2013-05-13,3065.65,3079.95,3035.0,3067.05,7121
2013-05-14,3090.0,3300.0,3079.0,3279.45,121007
2013-05-15,3334.0,3486.0,3271.0,3400.75,75859
2013-05-16,3399.0,3480.0,3339.0,3452.1,36586
2013-05-17,3461.0,3464.95,3413.3,3449.25,9265
2013-05-20,3441.0,3555.0,3406.25,3495.7,64266
2013-05-21,3494.0,3573.0,3450.55,3496.9,19985
2013-05-22,3490.0,3525.0,3475.0,3510.35,12089
2013-05-23,3452.0,3505.0,3431.3,3453.65,25006
2013-05-24,3468.0,3599.0,3435.85,3582.45,14467
2013-05-27,3570.2,3698.0,3570.2,3656.15,100626
2013-05-28,3655.0,3829.0,3623.35,3781.5,16828
2013-05-29,3775.15,3883.3,3748.05,3786.6,28880
2013-05-30,3800.0,3826.0,3740.0,3779.5,8004
2013-05-31,3781.0,3789.95,3648.0,3701.6,8922
2013-06-03,3749.85,3765.6,3640.0,3690.35,9285
2013-06-04,3688.85,3748.0,3552.2,3594.2,12887
2013-06-05,3600.4,3600.4,3465.0,3540.7,17707
2013-06-06,3574.95,3617.0,3432.2,3456.55,10113
2013-06-07,3479.6,3584.0,3401.0,3550.35,61229
2013-06-10,3570.0,3635.0,3550.2,3597.95,41880
2013-06-11,3570.0,3614.0,3509.0,3527.65,17788
2013-06-12,3486.25,3555.0,3441.25,3495.8,30938
2013-06-13,3500.0,3550.0,3412.2,3482.85,4104
2013-06-14,3481.0,3565.0,3455.05,3514.35,23865
2013-06-17,3501.0,3590.0,3467.0,3555.0,14544
2013-06-18,3516.0,3688.0,3516.0,3618.7,35089
2013-06-19,3657.0,3699.0,3600.7,3668.45,26834
2013-06-20,3657.95,3675.0,3623.0,3660.6,13088
2013-06-21,3663.6,3676.5,3544.0,3561.65,5214
2013-06-24,3548.9,3548.9,3375.0,3399.65,10173
2013-06-25,3488.7,3488.7,3310.0,3351.05,50479
2013-06-26,3351.0,3448.75,3310.0,3367.95,20438
2013-06-27,3333.1,3375.0,3212.0,3306.75,44085
2013-06-28,3395.0,3475.0,3220.65,3276.9,70112
2013-07-01,3362.0,3509.9,3301.0,3464.65,23241
2013-07-02,3497.95,3549.0,3421.0,3534.8,9717
2013-07-03,3555.0,3610.3,3463.0,3591.55,4545
2013-07-04,3625.0,3625.0,3551.1,3561.1,7937
2013-07-05,3561.1,3639.6,3561.1,3614.6,3935
2013-07-08,3605.2,3725.0,3598.4,3658.4,55107
2013-07-09,3629.0,3720.0,3610.0,3699.4,83547
2013-07-10,3725.0,3750.0,3703.0,3735.5,18473
2013-07-11,3765.0,3783.05,3735.0,3767.0,44021
2013-07-12,3789.0,3799.0,3755.0,3783.45,6387
2013-07-15,3780.0,3833.0,3705.3,3807.5,17950
2013-07-16,3810.0,3810.0,3721.05,3776.15,16149
2013-07-17,3888.0,3945.0,3775.05,3861.4,101274
2013-07-18,3900.0,3980.0,3850.0,3877.4,33071
2013-07-19,3914.8,3943.7,3830.0,3839.65,56623
2013-07-22,3781.0,3854.0,3775.0,3806.0,2704
2013-07-23,3799.05,3864.4,3690.0,3726.1,7238
2013-07-24,3732.0,3794.0,3704.2,3731.25,21787
2013-07-25,3780.0,3780.0,3601.05,3649.15,24351
2013-07-26,3672.4,3748.95,3645.0,3701.7,6142
2013-07-29,3725.0,3725.0,3576.6,3648.55,9391
2013-07-30,3620.05,3633.35,3452.0,3491.45,13321
2013-07-31,3451.0,3590.0,3420.35,3489.25,22159
2013-08-01,3495.0,3577.0,3450.15,3471.95,21398
2013-08-02,3450.0,3535.0,3427.0,3497.2,30144
2013-08-05,3497.0,3530.0,3440.1,3460.3,46111
2013-08-06,3426.0,3500.0,3230.0,3303.9,159913
2013-08-07,3251.0,3325.0,3175.0,3201.7,19902
2013-08-08,3286.2,3499.0,3252.25,3319.0,74379
2013-08-12,3330.0,3488.0,3152.2,3280.4,18540
2013-08-13,3290.0,3355.5,3213.05,3269.8,14912
2013-08-14,3276.0,3325.0,3275.0,3299.9,37257
2013-08-16,3290.05,3320.0,3131.2,3167.7,20131
2013-08-19,3167.15,3167.15,3077.0,3099.7,42852
2013-08-20,3040.05,3114.75,3000.0,3089.55,41710
2013-08-21,3065.0,3200.0,2980.0,3050.95,65995
2013-08-22,3006.0,3116.0,2965.0,3088.65,6049
2013-08-23,3099.0,3273.9,3075.8,3199.6,10789
2013-08-26,3251.2,3379.0,3251.2,3326.9,6358
2013-08-27,3345.0,3345.0,3270.0,3278.2,5812
2013-08-28,3279.95,3279.95,3150.0,3164.35,13899
2013-08-29,3180.0,3245.9,3092.3,3152.7,21507
2013-09-03,3250.0,3250.0,3151.05,3181.05,14943
2013-09-04,3171.0,3216.0,3160.0,3168.7,19439
2013-09-05,3270.0,3270.0,3170.0,3186.45,15971
2013-09-06,3171.2,3242.7,3171.2,3192.15,32132
2013-09-10,3171.0,3340.0,3171.0,3323.85,9560
2013-09-11,3283.8,3470.0,3283.8,3451.85,23031
2013-09-12,3451.85,3648.65,3413.3,3600.6,52390
2013-09-13,3607.0,3636.6,3560.0,3613.45,4586
2013-09-16,3635.7,3685.7,3610.95,3666.65,7891
2013-09-17,3684.9,3684.9,3552.95,3571.75,14111
2013-09-18,3599.9,3644.0,3552.25,3582.65,82590
2013-09-19,3609.9,3619.8,3530.0,3542.9,5116
2013-09-20,3570.4,3593.55,3281.4,3474.5,35552
2013-09-23,3405.0,3469.9,3342.0,3388.65,117437
2013-09-24,3392.15,3638.0,3392.1,3595.1,25144
2013-09-25,3588.8,3635.0,3479.0,3512.5,10041
2013-09-26,3495.9,3514.0,3450.0,3476.0,5357
2013-09-27,3509.0,3584.0,3466.05,3554.35,7946
2013-09-30,3608.0,3635.0,3500.1,3560.35,9757
2013-10-01,3550.0,3684.3,3512.0,3666.2,13733
2013-10-03,3669.95,3671.95,3566.65,3606.25,13483
2013-10-04,3650.0,3700.0,3600.25,3687.0,19288
2013-10-07,3698.0,3798.0,3642.0,3780.45,7494
2013-10-08,3782.1,3816.0,3731.0,3795.5,12184
2013-10-09,3779.0,3950.0,3769.9,3898.1,24764
2013-10-10,3900.0,3970.0,3900.0,3938.6,11499
2013-10-11,3901.0,3983.6,3901.0,3952.45,20527
2013-10-14,3948.8,3950.0,3924.8,3933.0,2293
2013-10-15,3950.0,3950.0,3890.0,3895.6,41145
2013-10-17,3880.2,3922.4,3804.05,3875.9,6316
2013-10-18,3841.0,3890.0,3841.0,3876.8,4778
2013-10-21,3840.0,3875.8,3840.0,3844.6,10619
2013-10-22,3804.95,3974.0,3804.75,3957.9,14610
2013-10-23,3911.15,3999.0,3862.35,3991.1,15942
2013-10-24,3980.0,4037.0,3940.0,3971.75,5495
2013-10-25,3932.15,3975.0,3911.25,3932.45,1781
2013-10-28,3940.0,3940.0,3850.0,3881.65,1904
2013-10-29,3844.05,3960.0,3844.05,3902.05,2555
2013-10-30,3905.0,3948.95,3876.0,3892.8,1746
2013-10-31,3940.0,3964.0,3909.0,3957.85,10715
2013-11-01,3959.85,3999.0,3935.0,3982.8,14014
2013-11-05,3930.0,3999.0,3930.0,3986.9,10348
2013-11-06,3960.0,4000.0,3960.0,3984.4,4795
2013-11-07,4000.0,4079.45,3996.0,4019.55,25574
2013-11-08,4121.0,4250.0,4059.0,4135.95,38556
2013-11-11,4240.0,4240.0,4165.3,4186.0,9137
2013-11-12,4230.0,4240.0,4185.0,4206.35,12912
2013-11-13,4194.95,4215.0,4150.0,4202.95,5045
2013-11-14,4213.9,4215.0,4187.05,4201.8,7471
2013-11-18,4230.0,4230.0,4205.0,4211.0,4445
2013-11-19,4229.85,4230.0,4200.0,4219.2,6110
2013-11-20,4217.0,4290.0,4200.0,4232.0,6983
2013-11-21,4230.0,4282.0,4190.0,4205.8,43477
2013-11-22,4220.0,4230.0,4195.0,4202.0,14920
2013-11-25,4208.05,4265.0,4190.0,4202.65,29097
2013-11-26,4220.0,4350.0,4220.0,4325.1,27707
2013-11-27,4330.0,4500.0,4330.0,4490.55,21127
2013-11-28,4490.0,4830.0,4449.85,4644.75,95178
2013-11-29,4684.9,4745.0,4655.5,4687.3,25392
2013-12-02,4713.0,5109.0,4713.0,4998.65,96501
2013-12-03,5040.0,5340.0,5029.9,5137.75,95318
2013-12-04,5233.6,5233.6,4900.0,4926.65,33765
2013-12-05,4932.0,4974.8,4721.0,4755.55,41225
2013-12-06,4774.9,4897.0,4692.35,4828.75,35863
2013-12-09,4900.0,4955.0,4660.0,4681.45,16448
2013-12-10,4750.0,4779.7,4682.35,4700.3,77173
2013-12-11,4742.25,4910.0,4701.15,4855.35,33541
2013-12-12,4822.0,4998.0,4822.0,4948.15,27428
2013-12-13,4925.3,5054.0,4891.0,4915.25,33419
2013-12-16,4903.15,4980.0,4815.0,4853.35,10656
2013-12-17,4851.0,4899.7,4701.0,4777.2,21670
2013-12-18,4735.0,4990.0,4735.0,4959.75,29129
2013-12-19,4930.1,5028.0,4854.2,4910.15,17404
2013-12-20,4929.0,5099.0,4929.0,5073.5,20843
2013-12-23,5110.5,5199.0,4920.0,4966.0,20380
2013-12-24,4970.0,5048.0,4950.0,4975.5,6340
2013-12-26,5042.0,5050.0,4951.0,4976.8,4814
2013-12-27,5028.0,5028.0,4974.75,4992.6,4220
2013-12-30,5000.0,5038.95,4970.0,4974.8,5432
2013-12-31,4998.0,5015.0,4970.0,4975.85,3969
2014-01-01,5004.6,5020.0,4975.0,5001.95,2444
2014-01-02,4983.05,5085.0,4970.0,4982.85,11189
2014-01-03,4953.15,5020.0,4950.0,4968.95,3952
2014-01-06,5019.0,5045.0,4900.0,4985.95,4266
2014-01-07,5008.0,5066.0,4973.25,4993.1,7334
2014-01-08,4943.0,5167.65,4943.0,5074.9,12424
2014-01-09,5120.0,5120.0,5000.0,5042.55,10669
2014-01-10,4995.1,5056.5,4990.0,5009.05,14208
2014-01-13,4985.0,5080.0,4985.0,5055.0,65224
2014-01-14,5020.0,5070.0,5000.75,5012.55,29639
2014-01-15,5045.0,5045.0,4901.0,4937.35,10479
2014-01-16,5000.0,5065.0,4940.0,4953.05,4156
2014-01-17,5040.0,5040.0,4901.0,4945.75,3428
2014-01-20,4993.0,5130.0,4930.65,5059.15,8641
2014-01-21,5088.0,5115.0,5062.0,5085.75,6861
2014-01-22,5114.95,5114.95,5025.0,5041.45,2482
2014-01-23,5094.95,5094.95,5016.1,5044.85,4033
2014-01-24,5001.0,5044.95,4881.0,4921.8,8606
2014-01-27,4903.1,4903.1,4823.0,4840.15,3910
2014-01-28,4900.0,4940.4,4780.0,4808.15,6080
2014-01-29,4837.75,4870.0,4710.0,4725.2,4669
2014-01-30,4716.0,4744.0,4654.0,4688.9,8121
2014-01-31,4700.0,4790.0,4608.7,4646.1,7907
2014-02-03,4607.0,4715.0,4550.0,4563.4,20409
2014-02-04,4520.1,4581.0,4520.1,4555.3,9958
2014-02-05,4599.9,4601.65,4516.0,4542.95,4577
2014-02-06,4637.0,4639.0,4478.6,4504.05,12641
2014-02-07,4548.0,4579.95,4418.0,4426.0,10177
2014-02-10,4426.0,4488.9,4402.0,4430.9,15669
2014-02-11,4406.0,4480.0,4401.1,4417.8,10079
2014-02-12,4431.0,4515.0,4402.5,4437.55,40004
2014-02-13,4525.0,4900.0,4515.1,4818.65,190197
2014-02-14,4839.9,4938.0,4823.0,4849.5,73976
2014-02-17,4899.0,4940.0,4870.0,4904.35,28096
2014-02-18,4900.0,4948.2,4885.2,4920.0,29885
2014-02-19,4925.0,4945.6,4881.2,4899.9,16969
2014-02-20,4907.0,4949.0,4886.0,4901.8,35227
2014-02-21,4905.0,4919.0,4860.0,4884.0,8707
2014-02-24,4920.0,4920.0,4805.0,4820.2,21736
2014-02-25,4884.85,4949.0,4830.05,4916.15,15115
2014-02-26,4913.0,5049.0,4860.0,5012.6,42932
2014-02-28,5015.0,5150.1,4991.55,5140.3,27615
2014-03-03,5094.0,5227.9,5056.05,5187.05,91018
2014-03-04,5180.0,5494.0,5147.75,5426.1,29996
2014-03-05,5451.0,5700.0,5451.0,5599.15,28189
2014-03-06,5649.85,5698.0,5469.0,5510.35,19589
2014-03-07,5525.0,5580.0,5382.0,5434.1,98061
2014-03-10,5498.0,5600.0,5400.0,5560.0,45147
2014-03-11,5564.0,5597.0,5463.6,5504.4,42184
2014-03-12,5466.0,5512.05,5405.6,5494.0,15616
2014-03-13,5490.0,5584.85,5452.05,5547.45,7685
2014-03-14,5525.0,5599.55,5500.0,5571.35,51370
2014-03-18,5571.35,5599.0,5505.55,5564.4,19090
2014-03-19,5589.85,5849.0,5580.0,5740.5,31660
2014-03-20,5736.1,5780.2,5689.55,5726.45,10793
2014-03-21,5760.0,5849.0,5722.05,5763.35,10618
2014-03-24,5772.0,5823.0,5730.0,5795.35,48668
2014-03-25,5834.0,5999.0,5793.9,5951.5,24491
2014-03-26,6022.0,6149.9,5690.0,5776.75,19440
2014-03-27,5759.55,5950.0,5724.8,5919.15,14874
2014-03-28,5925.2,5960.0,5805.0,5832.05,61209
2014-03-31,5850.0,5995.0,5839.95,5961.5,9353
2014-04-01,5965.0,6097.0,5872.05,6049.45,20136
2014-04-02,6070.0,6190.0,6020.3,6135.85,19011
2014-04-03,6175.0,6200.0,6020.3,6154.75,14682
2014-04-04,6101.0,6115.0,6021.95,6049.75,15329
2014-04-07,6040.0,6140.0,6020.3,6043.25,8323
2014-04-09,6050.0,6249.8,6020.3,6215.2,63536
2014-04-10,6170.6,6374.0,6165.0,6328.25,24618
2014-04-11,6296.6,6327.85,6070.8,6105.5,9103
2014-04-15,6195.0,6195.0,5980.6,6017.55,15329
2014-04-16,6034.9,6055.0,5982.65,6002.2,13232
2014-04-17,6010.0,6030.0,5759.35,5870.85,23513
2014-04-21,5944.0,6020.0,5900.0,5974.35,47591
2014-04-22,5975.0,6127.8,5968.05,6066.6,73781
2014-04-23,6114.4,6320.0,6058.6,6285.9,29682
2014-04-25,6280.0,6280.0,6075.0,6107.85,11463
2014-04-28,6100.0,6199.9,6099.95,6127.3,28908
2014-04-29,6117.0,6201.15,6097.0,6100.15,51749
2014-04-30,6119.0,6273.5,6100.0,6201.25,6830
2014-05-02,6244.0,6285.0,6141.0,6248.4,17294
2014-05-05,6248.0,6480.0,6200.0,6432.55,12181
2014-05-06,6500.0,6629.4,6350.0,6396.75,14163
2014-05-07,6434.7,6549.95,6421.35,6476.75,16722
2014-05-08,6550.0,6597.0,6360.0,6491.0,12595
2014-05-09,6501.05,6767.7,6389.95,6478.6,67184
2014-05-12,6550.0,6650.0,6425.0,6461.0,42466
2014-05-13,6487.0,6552.0,6465.6,6492.3,57031
2014-05-14,6507.0,6519.3,6451.35,6488.15,21248
2014-05-15,6466.6,6480.0,6151.15,6351.65,20553
2014-05-16,6380.0,6480.0,6215.6,6346.75,31191
2014-05-19,6281.25,6400.0,6281.0,6357.05,27748
2014-05-20,6367.0,6790.0,6325.0,6704.9,37276
2014-05-21,6730.0,7336.65,6710.05,7266.15,59938
2014-05-22,7300.0,7465.0,7218.55,7291.8,50332
2014-05-23,7310.0,7485.0,7218.9,7442.85,40343
2014-05-26,7350.0,7450.0,7000.0,7153.35,19474
2014-05-27,7174.8,7288.0,7010.0,7087.7,26692
2014-05-28,7099.65,7250.05,6900.0,6939.5,16215
2014-05-29,6949.0,7199.0,6815.0,6902.25,7377
2014-05-30,6961.85,7030.0,6601.15,6675.45,77870
2014-06-02,6680.0,6898.3,6650.0,6881.8,15223
2014-06-03,6875.0,7295.0,6830.0,7229.6,53184
2014-06-04,7210.25,7264.9,7111.25,7192.35,33972
2014-06-05,7200.0,7205.0,7102.0,7142.15,9220
2014-06-06,7160.0,7219.95,7150.05,7192.85,39463
2014-06-09,7192.85,7367.3,7192.85,7291.1,33183
2014-06-10,7300.0,7300.0,7156.05,7190.6,17087
2014-06-11,7210.0,7212.5,7108.45,7183.85,25977
2014-06-12,7112.0,7370.0,7078.7,7287.95,37341
2014-06-13,7354.95,7391.7,7288.05,7339.35,19105
2014-06-16,7290.0,7340.0,7228.1,7251.25,48927
2014-06-17,7251.25,7319.0,7182.0,7274.1,20676
2014-06-18,7300.0,7399.0,7184.05,7240.1,14465
2014-06-19,7300.0,7301.0,7182.05,7204.2,4933
2014-06-20,7210.0,7298.45,7150.5,7215.75,4996
2014-06-23,7215.75,7215.75,7050.0,7139.3,15242
2014-06-24,7170.7,7280.0,7153.25,7218.65,34695
2014-06-25,7200.0,7300.0,7171.0,7218.35,43282
2014-06-26,7320.0,7499.85,7312.8,7399.9,25852
2014-06-27,7419.95,7775.0,7400.0,7728.9,47152
2014-06-30,7849.65,8125.0,7849.65,7994.55,47767
2014-07-01,7985.0,8120.0,7881.5,8049.4,20775
2014-07-02,8149.0,8245.0,8100.0,8176.9,26024
2014-07-03,8214.65,9090.0,8214.6,8582.8,77216
2014-07-04,8649.0,8749.0,8500.1,8637.85,35524
2014-07-07,8638.0,8700.0,8401.0,8433.9,15641
2014-07-08,8430.0,8610.0,8311.0,8338.9,21448
2014-07-09,8400.0,8418.65,8159.95,8189.05,24934
2014-07-10,8228.65,8288.8,8005.1,8123.95,12721
2014-07-11,8147.35,8519.95,8144.25,8260.85,29339
2014-07-14,8260.0,8408.35,8190.85,8260.35,8638
2014-07-15,8338.65,8600.0,8237.6,8528.45,14249
2014-07-16,8600.0,8669.0,8500.05,8557.85,13909
2014-07-17,8586.65,8729.0,8553.1,8693.0,37130
2014-07-18,8695.0,8695.0,8525.0,8565.05,11962
2014-07-21,8627.0,8779.95,8451.2,8556.25,12683
2014-07-22,8486.0,8639.85,8486.0,8536.3,8210
2014-07-23,8550.0,8644.35,8490.2,8545.55,10548
2014-07-24,8594.55,8595.05,8475.0,8487.8,6690
2014-07-25,8487.0,8672.65,8162.15,8586.65,11376
2014-07-28,8594.0,8710.0,8450.05,8641.95,9346
2014-07-30,8641.95,8680.0,8455.0,8518.75,12164
2014-07-31,8457.0,8570.0,8456.0,8498.95,4956
2014-08-01,8431.0,8639.9,8380.4,8408.0,16096
2014-08-04,8430.0,8498.0,8390.1,8426.5,5154
2014-08-05,8450.0,8539.4,8400.25,8447.85,48808
2014-08-06,8410.25,8591.0,8410.25,8472.0,11429
2014-08-07,8514.0,8549.75,8451.0,8510.85,13303
2014-08-08,8514.65,8514.65,8415.75,8477.5,12317
2014-08-11,8584.0,8700.0,8530.2,8587.85,28724
2014-08-12,8810.0,9365.0,8810.0,9291.6,121169
2014-08-13,9385.0,10634.4,9385.0,10359.25,229758
2014-08-14,10475.0,10500.0,9860.0,10024.9,91802
2014-08-18,10024.9,10140.0,9850.0,9987.15,29178
2014-08-19,10049.65,10268.95,9950.0,9989.75,53274
2014-08-20,10098.65,10098.65,9899.0,9991.1,15985
2014-08-21,10044.0,10044.0,9940.0,9992.15,20298
2014-08-22,10048.85,10210.2,9975.0,10014.0,21783
2014-08-25,10000.05,10050.0,9859.0,9905.05,11990
2014-08-26,9820.0,10010.0,9806.0,9843.85,26837
2014-08-27,9871.0,9940.0,9800.0,9810.85,27140
2014-08-28,9801.0,9839.65,9711.25,9755.95,33160
2014-09-01,9808.65,10150.0,9800.0,10051.8,48229
2014-09-02,10161.0,10399.0,10108.0,10224.75,43207
2014-09-03,10251.0,11444.85,10251.0,11101.9,116351
2014-09-04,11170.0,11550.0,10862.5,10938.05,98044
2014-09-05,11048.0,11161.35,10800.0,10829.05,31252
2014-09-08,10920.0,11138.3,10727.0,10963.8,27428
2014-09-09,11160.0,11327.85,10930.0,10959.4,40932
2014-09-10,10980.0,11374.0,10902.35,11040.45,97903
2014-09-11,11100.0,11766.7,11027.3,11623.8,78918
2014-09-12,11767.1,12150.0,11712.55,12023.8,89802
2014-09-15,12049.0,12338.85,11900.0,12205.05,68338
2014-09-16,12250.0,12370.0,11400.0,11484.75,97223
2014-09-17,11674.0,11774.4,11105.0,11405.5,105284
2014-09-18,11400.0,11749.3,11283.25,11642.0,73087
2014-09-19,11729.0,12025.05,11570.0,11634.8,158936
2014-09-22,11594.0,11849.0,11538.35,11754.45,42971
2014-09-23,11799.0,11820.0,11500.25,11639.25,47369
2014-09-24,11651.05,11698.0,11400.0,11570.65,79660
2014-09-25,11551.0,11698.0,11260.0,11364.25,38485
2014-09-26,11275.0,11495.0,10826.35,11356.75,41776
2014-09-29,11420.0,11505.0,11225.0,11280.8,29968
2014-09-30,11400.0,12299.0,11365.0,11972.0,158244
2014-10-01,12190.0,12190.0,11765.05,11801.65,60545
2014-10-07,11900.0,11950.0,11672.05,11707.25,35850
2014-10-08,11798.0,11798.0,11650.1,11707.0,28361
2014-10-09,11789.9,11792.0,11555.55,11609.65,34588
2014-10-10,11619.0,11619.0,11200.0,11270.35,30190
2014-10-13,11080.0,11419.9,10875.75,11269.85,44802
2014-10-14,11360.0,11400.95,11089.25,11211.6,37253
2014-10-16,11105.0,11460.0,10860.0,11033.2,50744
2014-10-17,11005.05,11439.0,11005.0,11334.35,38193
2014-10-20,11648.65,11740.0,11445.0,11636.4,43877
2014-10-21,11662.9,11800.0,11556.55,11678.45,49130
2014-10-22,11780.0,11925.0,11740.0,11883.45,24996
2014-10-23,11986.8,11986.8,11861.4,11890.55,4396
2014-10-27,11919.65,12449.0,11838.0,12262.4,48496
2014-10-28,12430.0,12486.65,12278.8,12396.7,32883
2014-10-29,12415.0,12750.0,12371.0,12596.35,66128
2014-10-30,12638.0,12699.0,12441.05,12532.25,58586
2014-10-31,12638.0,12825.0,12598.3,12772.75,44263
2014-11-03,11501.1,12815.85,11501.1,12739.6,31563
2014-11-05,12800.0,12954.85,12713.0,12875.15,25495
2014-11-07,13000.0,13025.0,12650.0,12675.9,61455
2014-11-10,12769.0,12839.95,12630.1,12729.7,16220
2014-11-11,12800.0,13024.25,12750.0,12993.65,44138
2014-11-12,13130.0,13278.0,13010.0,13151.65,75329
2014-11-13,13445.0,13445.0,13038.65,13191.85,69762
2014-11-14,13350.0,14068.0,13281.8,13992.9,200199
2014-11-17,14089.0,14089.0,13780.8,13845.5,54102
2014-11-18,13879.0,14174.45,13800.05,14073.1,38242
2014-11-19,14108.95,14968.0,14102.05,14745.3,157502
2014-11-20,14750.0,15149.9,14400.05,14648.15,121915
2014-11-21,14767.0,14803.5,14456.6,14512.75,54761
2014-11-24,14575.0,14802.55,14480.05,14621.3,27138
2014-11-25,14575.05,14649.3,14182.9,14277.3,45582
2014-11-26,14300.0,14456.7,14157.25,14267.75,29987
2014-11-27,14300.0,14410.1,14263.05,14338.65,29690
2014-11-28,14350.0,14600.0,14350.0,14518.7,33278
2014-12-01,14520.1,14729.0,14421.2,14520.85,55325
2014-12-02,14537.95,14569.0,14300.0,14359.05,39885
2014-12-03,14601.6,15373.1,14601.6,15235.55,123520
2014-12-04,15548.0,15785.0,15210.0,15432.0,111153
2014-12-05,15450.0,15619.95,15140.0,15213.5,69545
2014-12-08,15395.0,15427.45,14870.0,14952.3,43692
2014-12-09,14925.0,14965.0,14215.0,14353.7,88997
2014-12-10,14300.0,14518.85,14150.95,14377.9,56919
2014-12-11,14340.0,14410.0,14004.05,14061.8,85842
2014-12-12,14148.0,14249.9,13940.15,14036.8,44377
2014-12-15,13896.0,14329.7,13771.7,14211.25,55501
2014-12-16,14068.0,14184.85,13868.3,14063.85,33551
2014-12-17,13975.25,14098.75,13701.0,13871.75,73484
2014-12-18,13999.0,14538.65,13999.0,14427.9,70247
2014-12-19,14624.9,14809.9,14520.0,14621.1,63847
2014-12-22,14735.0,14790.0,14503.25,14737.25,27132
2014-12-23,14793.0,14890.0,14688.7,14818.2,38531
2014-12-24,14879.0,15015.0,14723.0,14825.45,154617
2014-12-26,14900.0,15234.2,14772.0,15124.3,21973
2014-12-29,15248.0,15419.0,15192.6,15372.85,27948
2014-12-30,15275.0,15450.0,15261.1,15352.85,14748
2014-12-31,15199.3,15220.0,14908.55,15075.0,55639
2015-01-01,15011.0,15360.65,15011.0,15262.35,29115
2015-01-02,15450.0,15450.05,15013.0,15081.95,39973
2015-01-05,15020.0,15246.0,15020.0,15150.55,35376
2015-01-06,15000.0,15015.0,14640.0,14755.9,48118
2015-01-07,14760.0,14999.7,14715.65,14959.9,31815
2015-01-08,14963.0,15100.0,14811.0,14873.7,29487
2015-01-09,14925.45,14980.0,14550.0,14738.7,38742
2015-01-12,14652.0,15145.0,14600.25,14857.65,65723
2015-01-13,14899.95,14947.2,14690.0,14799.15,14432
2015-01-14,14765.0,14946.0,14720.1,14833.55,15794
2015-01-15,14990.0,15269.0,14845.0,15127.25,46169
2015-01-16,15120.0,15385.0,15011.0,15349.7,32984
2015-01-19,15380.0,15590.9,15360.0,15474.6,38266
2015-01-20,15476.05,15581.8,15402.0,15490.7,36741
2015-01-21,15511.0,15550.0,15240.0,15372.35,26060
2015-01-22,15301.0,15411.15,15241.3,15314.95,14085
2015-01-23,15372.0,15420.1,15113.0,15145.95,104097
2015-01-27,15190.0,16133.0,15094.2,16089.25,134065
2015-01-28,16166.95,16491.75,16000.0,16340.25,85026
2015-01-29,16454.0,16650.2,16301.0,16478.85,61534
2015-01-30,16501.0,16640.0,16020.0,16275.9,37457
2015-02-02,16397.0,16895.0,16377.8,16561.75,50836
2015-02-03,16495.0,16713.9,16255.0,16323.6,31021
2015-02-04,16375.0,16399.9,15792.4,15919.5,27280
2015-02-05,15920.0,16082.7,15760.45,15837.55,29185
2015-02-06,15898.0,15980.0,15502.0,15587.75,21560
2015-02-09,15580.0,15580.0,15067.6,15115.55,26596
2015-02-10,15150.0,15530.0,14755.05,15133.15,52892
2015-02-11,15330.0,16200.0,15222.0,16141.3,39868
2015-02-12,16261.0,16618.85,16073.8,16417.95,42647
2015-02-13,16587.0,16872.0,15402.0,16267.4,74178
2015-02-16,16621.0,16788.0,15975.15,16051.1,71003
2015-02-18,16400.0,17047.65,16300.0,16947.3,92962
2015-02-19,17149.0,17200.0,16500.0,16640.4,49229
2015-02-20,16685.0,16685.0,16301.3,16362.1,30521
2015-02-23,16389.0,16417.8,15925.0,15981.9,33201
2015-02-24,16000.0,16050.0,15698.95,15842.25,39233
2015-02-25,15928.0,16020.0,15520.0,15596.4,43878
2015-02-26,15600.0,15662.9,15051.1,15205.35,55784
2015-02-27,15294.0,15849.95,15294.0,15806.4,91179
2015-03-02,16550.0,16700.0,16174.0,16426.05,100476
2015-03-03,16349.5,16349.5,15686.2,15907.95,117776
2015-03-04,15400.0,16260.0,15300.0,16047.95,245643
2015-03-05,16100.0,16188.0,15860.0,16001.1,43986
2015-03-09,15875.0,15930.6,15650.0,15699.8,51608
2015-03-10,15700.0,16047.4,15699.8,15947.8,81482
2015-03-11,16020.0,16199.0,15900.0,16053.85,51319
2015-03-12,16140.0,16377.35,16060.0,16303.85,48569
2015-03-13,16364.85,16381.9,15790.4,15912.75,43171
2015-03-16,15920.0,15949.9,15633.0,15820.35,16511
2015-03-17,15899.0,16059.95,15810.0,15942.75,31324
2015-03-18,15950.0,16216.0,15885.4,16044.2,25692
2015-03-19,16140.0,16326.95,16030.1,16111.6,57903
2015-03-20,16110.0,16178.6,15920.65,16017.5,33878
2015-03-23,16089.85,16129.0,15751.25,15865.95,18825
2015-03-24,15895.0,15905.0,15447.2,15501.1,33307
2015-03-25,15540.0,15699.0,15350.0,15572.8,45118
2015-03-26,15500.0,15745.3,15296.15,15538.2,141418
2015-03-27,15589.95,15600.0,15111.0,15490.75,39800
2015-03-30,15599.0,16095.0,15574.05,16018.9,38394
2015-03-31,16150.0,16175.0,15821.7,15908.15,38680
2015-04-01,15929.0,16196.95,15830.05,16019.5,45879
2015-04-06,16094.35,16094.35,15520.25,15782.45,65313
2015-04-07,15799.85,16050.0,15715.05,15983.3,32689
2015-04-08,16020.0,16590.0,15976.3,16524.85,76696
2015-04-09,16700.0,16700.0,16272.0,16302.5,53850
2015-04-10,16335.0,16433.0,16106.3,16230.25,38681
2015-04-13,16200.0,16231.0,16001.0,16070.7,43662
2015-04-15,16099.9,16120.0,15810.0,15872.7,44445
2015-04-16,16240.0,16240.0,15734.0,15837.2,108100
2015-04-17,15850.0,15875.0,15199.95,15311.1,57568
2015-04-20,15310.0,15310.0,14630.0,14762.0,90233
2015-04-21,14900.0,14948.7,14136.0,14310.3,90421
2015-04-22,14400.0,14469.95,14060.35,14366.15,110913
2015-04-23,14510.0,14846.05,14451.0,14747.05,47521
2015-04-24,14742.0,14859.0,14490.4,14720.5,122626
2015-04-27,14555.0,15070.0,13900.1,14771.05,98264
2015-04-28,14750.0,15255.0,14670.6,15175.05,48763
2015-04-29,15210.0,15434.85,15112.55,15238.1,38404
2015-04-30,15202.0,15347.0,15100.0,15191.6,63574
2015-05-04,15441.6,15499.95,15300.85,15334.6,26022
2015-05-05,15333.0,15721.7,15211.0,15555.5,32344
2015-05-06,15520.0,15698.8,15000.0,15080.3,46544
2015-05-07,15075.0,15114.0,14494.95,14806.95,75055
2015-05-08,14930.0,15890.0,14700.0,15781.15,136892
2015-05-11,15970.0,16965.0,15938.0,16871.6,245273
2015-05-12,16950.0,17300.0,16600.0,17158.55,130485
2015-05-13,17455.0,18330.1,17416.0,18089.55,341744
2015-05-14,18000.0,18478.0,17701.0,18176.15,178440
2015-05-15,18177.0,18794.85,18177.0,18722.0,150616
2015-05-18,18724.3,19155.0,18295.0,18597.75,162657
2015-05-19,18615.0,18859.65,18076.0,18251.5,104516
2015-05-20,18229.0,18617.0,18103.9,18528.5,105092
2015-05-21,18500.0,18530.0,18306.0,18413.3,43124
2015-05-22,18400.0,18730.0,18382.8,18696.75,69903
2015-05-25,18600.0,19545.0,18500.1,19173.4,177790
2015-05-26,19100.0,19385.0,18816.35,18909.3,198663
2015-05-27,18869.6,18869.6,18051.05,18363.05,193444
2015-05-28,18380.0,18600.0,17795.0,17986.2,191536
2015-05-29,18050.0,19299.95,17809.0,18896.45,1286070
2015-06-01,18499.0,18925.8,18369.5,18777.9,109638
2015-06-02,18867.55,18958.0,17980.0,18145.2,109788
2015-06-03,18140.0,18445.0,17951.0,18191.15,89795
2015-06-04,17500.0,17750.0,16960.75,17311.75,331437
2015-06-05,17199.0,17477.0,17062.05,17391.7,76186
2015-06-08,17485.0,17560.0,17207.7,17282.5,69048
2015-06-09,17300.0,17300.0,16649.75,17108.75,104939
2015-06-10,17198.0,17687.3,17127.0,17592.65,86119
2015-06-11,17671.0,17750.0,17120.0,17244.35,59511
2015-06-12,17249.85,17477.1,17100.0,17404.1,45536
2015-06-15,17735.0,18123.4,17628.1,18027.4,71828
2015-06-16,18079.0,18525.25,18028.0,18451.8,101284
2015-06-17,18546.2,19499.95,18546.2,19288.9,171732
2015-06-18,19336.15,19688.0,19300.0,19495.65,106624
2015-06-19,19550.15,20049.9,19180.05,19445.15,387428
2015-06-22,19375.0,19658.0,19250.55,19404.85,100018
2015-06-23,19400.0,19469.95,19180.0,19276.8,57741
2015-06-24,19250.0,19460.95,19042.3,19123.5,98439
2015-06-25,19165.0,19585.0,19165.0,19483.7,183590
2015-06-26,19495.0,19678.0,19300.0,19561.65,40840
2015-06-29,19201.55,19399.0,19027.6,19298.25,42573
2015-06-30,19279.8,19699.9,19250.05,19586.7,57754
2015-07-01,19742.0,20450.0,19691.0,20352.35,121904
2015-07-02,20400.0,21340.0,20400.0,21257.7,160162
2015-07-03,21394.0,21555.05,20195.0,20275.6,198658
2015-07-06,20100.0,20545.0,19900.25,20334.3,95173
2015-07-07,20473.0,20548.9,20200.0,20362.55,57023
2015-07-08,20200.05,20612.55,20125.05,20482.55,71944
2015-07-09,20549.95,20711.6,20490.05,20641.2,53519
2015-07-10,20725.0,20800.0,20590.0,20765.05,44718
2015-07-13,20802.0,21210.0,20802.0,21160.15,53025
2015-07-14,21194.95,21194.95,20700.0,20773.9,59594
2015-07-15,20774.95,20819.95,20605.0,20718.35,40510
2015-07-16,20750.0,21156.0,20720.0,21078.75,41452
2015-07-17,21230.0,21230.0,20932.2,21100.65,27049
2015-07-20,21190.0,21317.9,21000.0,21248.05,35446
2015-07-21,21251.0,21620.0,21250.0,21348.35,62099
2015-07-22,21385.0,21435.0,20735.0,21109.7,113005
2015-07-23,21063.0,21063.0,20361.2,20538.2,67720
2015-07-24,20410.0,20597.95,20050.0,20113.85,81396
2015-07-27,19901.15,19960.0,19264.2,19347.95,116335
2015-07-28,19445.0,19635.0,19132.5,19499.4,84909
2015-07-29,19600.0,19723.75,19151.15,19246.25,84257
2015-07-30,19394.0,19551.0,18907.9,19027.95,87794
2015-07-31,19165.0,19250.1,18695.0,19071.2,103394
2015-08-03,19500.0,19500.0,19036.2,19083.1,63261
2015-08-04,19108.0,20300.0,18955.1,20178.1,137504
2015-08-05,20480.0,20719.0,20061.0,20566.6,118832
2015-08-06,20560.0,20673.0,20375.25,20572.35,44918
2015-08-07,20590.0,20769.0,20429.25,20631.55,35945
2015-08-10,20600.0,20759.9,20200.0,20364.6,36640
2015-08-11,20389.0,20519.9,19810.0,20163.25,46208
2015-08-12,20080.1,20130.0,19733.0,19849.15,37567
2015-08-13,19870.5,20268.0,19810.25,19902.7,43966
2015-08-14,20048.0,20679.85,19955.1,20600.6,55123
2015-08-17,20630.0,20750.0,20348.0,20664.8,40248
2015-08-18,20850.45,21040.0,20671.0,20944.6,48890
2015-08-19,20985.0,21360.0,20750.15,21235.5,52139
2015-08-20,21248.0,21596.0,20916.45,21017.55,68608
2015-08-21,20898.0,20898.0,20300.0,20464.85,74515
2015-08-24,19964.85,19965.0,17821.0,18585.5,128917
2015-08-25,18851.05,19195.95,17900.0,18698.95,138587
2015-08-26,18689.95,19194.95,18499.95,18567.0,75480
2015-08-27,18950.0,19499.75,18723.2,18771.55,68978
2015-08-28,19000.0,19145.85,18533.1,18919.25,75797
2015-08-31,18944.0,19189.65,18772.1,19014.8,150093
2015-09-01,18890.0,19088.0,18034.2,18259.3,101060
2015-09-02,18435.0,18720.0,18230.0,18377.25,94084
2015-09-03,18577.0,18643.0,18303.15,18382.65,47586
2015-09-04,18382.65,18383.05,17760.0,18177.7,61514
2015-09-07,18215.0,18300.0,17290.45,17442.95,73618
2015-09-08,17477.85,17477.85,16711.1,17234.25,124808
2015-09-09,17500.0,18027.3,17322.35,17967.35,104827
2015-09-10,17750.0,18694.4,17450.05,18496.9,97738
2015-09-11,18590.0,19024.0,18590.0,18882.05,90604
2015-09-14,18975.0,19080.0,18511.2,18836.5,49572
2015-09-15,18829.65,18964.9,18420.0,18576.3,86046
2015-09-16,18650.0,18750.0,17628.75,17937.0,114798
2015-09-18,18149.7,18475.0,18110.0,18234.45,56693
2015-09-21,18150.0,18560.0,18052.15,18478.25,33124
2015-09-22,18579.0,18746.95,18228.25,18334.9,38467
2015-09-23,18100.0,18599.0,18100.0,18254.4,37681
2015-09-24,18299.95,18332.85,17703.35,17776.15,99007
2015-09-28,17914.85,17930.0,17200.0,17282.55,52408
2015-09-29,17100.0,17788.7,16842.0,17440.65,83540
2015-09-30,17580.25,17844.0,17183.95,17791.6,92168
2015-10-01,18001.0,18333.0,17619.85,18286.35,110420
2015-10-05,18440.0,18800.0,18400.0,18772.75,70263
2015-10-06,18924.7,18935.0,18575.0,18630.2,46623
2015-10-07,18550.0,18988.0,18542.55,18905.25,57436
2015-10-08,19000.0,19005.25,18607.75,18666.3,36652
2015-10-09,18750.0,18863.25,18252.6,18318.2,63401
2015-10-12,18341.05,18518.15,17931.0,17982.45,47820
2015-10-13,17994.8,18182.0,17652.25,17820.35,67201
2015-10-14,17800.0,18289.0,17800.0,18180.2,30751
2015-10-15,18235.0,18478.0,18226.25,18311.15,36903
2015-10-16,18349.0,18443.95,18190.0,18286.55,36707
2015-10-19,18329.6,18343.95,18104.1,18241.3,41110
2015-10-20,18264.9,18350.0,18050.0,18161.15,47338
2015-10-21,18190.0,18430.0,18017.0,18210.55,60959
2015-10-23,18305.0,18359.9,18120.0,18158.65,57269
2015-10-26,18188.35,18240.0,17837.85,17934.9,36566
2015-10-27,17903.25,17905.0,17535.0,17659.75,69219
2015-10-28,17549.8,17734.9,17288.35,17392.3,96109
2015-10-29,17444.2,17530.1,17273.8,17418.7,61285
2015-10-30,17518.7,17862.0,17431.25,17742.45,45620
2015-11-02,18011.9,18094.4,17825.0,17975.45,52439
2015-11-03,18004.0,18095.0,17975.0,18010.85,33098
2015-11-04,18060.0,18186.65,17727.2,17768.15,35064
2015-11-05,17840.0,17967.0,17600.0,17678.0,18573
2015-11-06,17700.0,17995.0,16428.0,16693.35,156934
2015-11-09,16400.0,16445.95,15818.75,15952.5,137594
2015-11-10,16049.0,16111.85,15611.0,15841.6,75183
2015-11-11,16000.0,16091.6,15876.0,16045.85,8772
2015-11-13,15900.0,15925.5,15520.3,15624.25,49662
2015-11-16,15599.0,15689.75,15020.0,15262.15,87500
2015-11-17,15452.0,15540.0,15291.05,15493.9,37979
2015-11-18,15569.95,15983.6,15475.0,15883.85,69871
2015-11-19,15995.0,16190.0,15918.0,16166.7,65768
2015-11-20,16200.0,16460.0,16099.2,16416.9,44525
2015-11-23,16500.0,16795.5,16174.0,16756.3,47488
2015-11-24,16798.95,16799.0,16602.0,16650.15,36972
2015-11-26,16651.05,16729.65,16250.15,16485.55,69766
2015-11-27,16525.1,17050.0,16510.0,16596.4,67722
2015-11-30,16690.0,16861.05,16598.05,16728.9,59467
2015-12-01,16877.0,16879.75,16204.9,16237.45,61435
2015-12-02,16380.0,16500.0,16083.9,16360.65,43255
2015-12-03,16329.95,16765.0,16243.5,16692.3,82818
2015-12-04,16590.0,16679.85,16360.0,16428.95,36679
2015-12-07,16460.0,16575.0,16201.0,16230.85,21383
2015-12-08,16229.0,16530.0,16177.1,16307.1,25507
2015-12-09,16300.0,16370.35,15658.5,15728.1,46466
2015-12-10,15884.85,16100.0,15680.2,16039.75,43836
2015-12-11,16050.0,16100.0,15450.0,15560.85,61454
2015-12-14,15350.0,15575.0,15100.0,15366.5,65944
2015-12-15,15399.0,15925.0,15270.0,15861.95,41885
2015-12-16,15900.0,16280.0,15899.95,16063.75,38232
2015-12-17,16140.0,16380.0,15990.0,16277.1,30970
2015-12-18,16216.0,16270.25,15945.2,16160.3,111888
2015-12-21,16100.1,16332.4,15969.9,16031.0,37808
2015-12-22,16100.0,16189.95,16010.0,16075.85,16596
2015-12-23,16175.85,16240.0,16010.15,16189.8,17287
2015-12-24,16201.0,16300.0,16114.5,16172.15,12304
2015-12-28,16198.9,16650.0,16197.95,16598.55,38140
2015-12-29,16601.0,16735.2,16508.0,16703.05,27763
2015-12-30,16699.0,16703.0,16439.75,16529.8,28898
2015-12-31,16590.0,16920.0,16541.9,16855.55,34039
2016-01-01,16879.0,17689.6,16772.7,17370.85,59966
2016-01-04,17519.95,17974.9,17440.05,17495.3,91743
2016-01-05,17575.0,17771.15,17110.9,17159.9,56349
2016-01-06,17287.0,17614.95,17220.0,17525.05,48794
2016-01-07,17390.0,17448.35,16919.5,17035.65,49624
2016-01-08,17060.0,17480.0,17060.0,17241.4,28252
2016-01-11,17160.0,17410.0,16903.0,17239.1,30291
2016-01-12,17399.85,17400.0,16980.95,17066.8,29690
2016-01-13,17288.0,17288.0,16674.7,17062.7,45070
2016-01-14,16890.0,17095.2,16749.95,16988.0,37067
2016-01-15,17010.0,17188.0,16051.05,16240.8,33970
2016-01-18,16247.3,16276.95,15250.0,15459.5,48522
2016-01-19,15450.0,15911.4,14800.0,15823.75,62933
2016-01-20,15601.0,15735.45,15030.0,15538.85,43884
2016-01-21,15788.85,15911.9,15380.0,15552.2,45859
2016-01-22,15885.0,16583.05,15705.1,16472.45,55039
2016-01-25,16777.5,16777.5,16355.55,16416.15,22832
2016-01-27,16454.0,16476.7,16112.0,16232.1,26550
2016-01-28,16232.0,16288.0,15889.0,15958.95,37067
2016-01-29,16000.0,16650.9,15844.1,16546.6,57402
2016-02-01,16800.0,17109.0,16600.25,17073.85,43914
2016-02-02,17199.0,17397.0,17002.0,17197.1,49134
2016-02-03,17010.0,17218.0,16617.4,16754.2,64166
2016-02-04,16901.0,17297.0,16750.0,16894.35,46813
2016-02-05,17060.0,18450.0,16898.45,18119.15,216944
2016-02-08,18374.0,18888.65,18230.0,18384.75,103277
2016-02-09,18200.0,18368.7,17977.55,18175.8,36583
2016-02-10,18137.0,18231.5,17810.0,17909.95,48806
2016-02-11,17750.0,18000.0,17562.15,17619.3,125878
2016-02-12,17720.0,18250.0,17397.8,17993.7,81774
2016-02-17,18700.0,19250.0,18519.0,18802.5,182056
2016-02-18,18999.95,18999.95,18523.55,18694.6,60123
2016-02-19,18550.0,18898.95,18223.55,18626.45,28356
2016-02-22,18798.0,19000.0,18675.05,18918.65,25491
2016-02-23,19101.0,19194.9,18900.0,19003.8,47605
2016-02-24,18937.15,19420.0,18777.35,19094.65,38130
2016-02-25,19049.2,19189.85,18653.0,18888.75,71703
2016-02-26,19001.0,19160.85,18790.2,18885.55,43518
2016-02-29,18820.0,19400.0,18450.3,18900.6,53194
2016-03-01,18950.0,19360.0,18900.0,19184.35,79542
2016-03-02,19500.0,19500.0,19223.2,19321.9,73864
2016-03-03,19430.0,19431.0,19252.0,19328.4,45045
2016-03-04,19400.0,19400.0,19101.0,19258.5,23201
2016-03-08,19200.0,19995.0,19150.0,19802.05,103545
2016-03-09,19836.0,20272.5,19777.45,19933.75,79969
2016-03-10,19950.0,20010.0,19700.2,19799.95,94239
2016-03-11,19820.0,20127.75,19715.0,20004.0,47331
2016-03-14,20200.0,20250.0,19800.0,19849.85,72891
2016-03-15,19874.85,19874.85,19461.0,19548.3,135959
2016-03-16,19540.95,19540.95,18655.0,18693.45,94011
2016-03-17,18780.0,18800.0,17995.0,18036.2,93859
2016-03-18,18051.0,18494.0,17895.0,18413.45,73659
2016-03-21,18564.0,18600.0,18180.0,18356.35,45715
2016-03-22,18500.0,18500.0,18002.0,18236.7,35649
2016-03-23,18299.0,18699.8,18003.0,18554.05,45827
2016-03-28,18597.0,18654.5,18330.0,18410.3,28647
2016-03-29,18450.0,18750.0,18181.05,18633.45,40170
2016-03-30,18799.85,18833.0,18533.45,18736.8,54147
2016-03-31,18825.0,19350.0,18549.4,19180.6,163329
2016-04-01,19080.6,19450.0,18910.85,19254.05,80018
2016-04-04,19384.0,19571.0,19285.1,19503.9,50596
2016-04-05,19400.0,19448.9,18642.1,18735.5,48652
2016-04-06,18834.0,19225.4,18635.5,19179.85,33880
2016-04-07,19150.0,19197.95,18779.85,18884.1,20678
2016-04-08,18935.0,19290.85,18805.1,19181.2,25630
2016-04-11,19160.0,19425.0,19000.0,19388.9,28504
2016-04-12,19320.0,19600.0,19311.0,19557.85,54241
2016-04-13,19657.85,19968.0,19557.85,19896.3,85559
2016-04-18,19917.25,20600.0,19917.25,20268.35,54538
2016-04-20,20330.1,20579.25,20250.05,20511.2,51992
2016-04-21,20530.0,20699.8,20200.0,20328.8,36260
2016-04-22,20229.0,20374.85,20101.0,20169.95,24141
2016-04-25,20190.0,20190.0,19909.95,19945.4,29389
2016-04-26,19945.0,20325.0,19850.0,20148.4,51001
2016-04-27,20168.7,20200.75,20060.0,20114.3,28384
2016-04-28,20199.0,20373.4,20070.0,20292.95,45921
2016-04-29,20289.0,20289.9,19950.1,20035.0,30418
2016-05-02,19984.95,20130.0,19800.0,19854.35,32622
2016-05-03,19964.0,20279.95,19800.0,19981.5,39406
2016-05-04,19999.9,20088.6,19608.1,19760.85,25545
2016-05-05,19870.0,20000.0,19214.6,19686.65,152412
2016-05-06,19768.7,20349.0,19620.0,20215.9,62830
2016-05-09,20399.55,20500.0,20280.55,20483.25,36800
2016-05-10,20499.0,20499.0,20079.2,20239.2,41324
2016-05-11,20100.0,20160.0,19908.45,19976.85,20679
2016-05-12,20004.0,20244.0,19701.0,19753.05,63011
2016-05-13,18900.1,19553.55,18380.0,18992.8,1431668
2016-05-16,19150.0,19210.0,18850.0,19063.15,50457
2016-05-17,19101.0,19163.15,18555.15,18601.65,49476
2016-05-18,18509.0,18817.8,18321.15,18720.0,48024
2016-05-19,18750.0,18762.8,18100.0,18200.7,38027
2016-05-20,18260.0,18350.0,18125.0,18280.65,58713
2016-05-23,18380.0,18440.0,18200.0,18268.1,28228
2016-05-24,18268.1,18297.95,18010.0,18177.3,33560
2016-05-25,18300.0,18560.0,18266.3,18530.65,28001
2016-05-26,18530.0,18670.0,18311.45,18394.35,129076
2016-05-27,18494.0,18799.0,18425.25,18742.3,27129
2016-05-30,18711.0,18811.0,18600.0,18741.7,20513
2016-05-31,18839.4,18849.25,18270.0,18485.85,64395
2016-06-01,18500.0,18809.0,18500.0,18713.25,61178
2016-06-02,18701.0,18920.0,18652.1,18806.85,23820
2016-06-03,18806.0,18898.0,18626.25,18787.0,36199
2016-06-06,18785.0,19065.5,18749.0,18994.95,47867
2016-06-07,19090.0,19143.95,18716.35,18828.05,31957
2016-06-08,18920.0,18920.0,18689.75,18824.55,15021
2016-06-09,18850.0,18888.05,18538.25,18584.0,14255
2016-06-10,18545.1,18700.0,18434.0,18620.15,27958
2016-06-13,18500.0,18552.7,18277.65,18447.65,20386
2016-06-14,18475.0,18809.95,18350.0,18753.65,23041
2016-06-15,18780.0,18829.75,18570.0,18637.2,35005
2016-06-16,18600.0,18897.0,18505.45,18827.65,29359
2016-06-17,18830.05,18893.55,18675.0,18779.05,22454
2016-06-20,18721.1,18757.5,18610.0,18660.6,20556
2016-06-21,18747.0,18830.85,18636.7,18713.25,17417
2016-06-22,18695.0,18800.0,18675.8,18787.6,14449
2016-06-23,18711.0,18787.8,18600.1,18659.45,21701
2016-06-24,18388.0,18726.0,18000.0,18662.2,36750
2016-06-27,18662.2,18748.35,18430.3,18710.65,22888
2016-06-28,18690.0,19225.7,18689.9,19166.35,42238
2016-06-29,19289.65,19349.35,19067.85,19116.15,32587
2016-06-30,19300.0,19306.95,19133.15,19222.4,44664
2016-07-01,19222.0,19450.0,19050.15,19155.1,48199
2016-07-04,19350.0,19640.0,19250.0,19492.2,41668
2016-07-05,19500.0,19500.0,19325.15,19431.4,20311
2016-07-07,19499.0,19649.0,19300.0,19593.1,23864
2016-07-08,19600.0,19620.0,19400.0,19451.6,29761
2016-07-11,19619.95,19644.9,19480.0,19546.05,26337
2016-07-12,19502.0,19774.8,19502.0,19677.1,24552
2016-07-13,19621.8,19700.0,19411.0,19536.55,28527
2016-07-14,19521.0,19600.0,19450.0,19517.1,20618
2016-07-15,19535.0,19865.0,19525.0,19781.05,29759
2016-07-18,19800.0,19999.0,19800.0,19954.2,23776
2016-07-19,19907.0,19980.0,19532.0,19709.95,26915
2016-07-20,19655.0,19889.35,19655.0,19849.8,15313
2016-07-21,19750.0,19949.0,19700.0,19755.0,12331
2016-07-22,19825.0,19858.6,19610.0,19812.5,15119
2016-07-25,19850.0,20040.0,19771.2,19972.05,23576
2016-07-26,19980.0,20149.0,19850.0,20112.2,29166
2016-07-27,20132.45,20445.0,20080.0,20339.75,35615
2016-07-28,20499.0,21249.0,20460.1,21099.8,136322
2016-07-29,21599.0,22520.0,21521.05,22460.85,199141
2016-08-01,22749.8,22853.95,22211.05,22325.2,89552
2016-08-02,22351.05,22550.0,21800.0,21846.45,48756
2016-08-03,21979.95,22160.85,21240.05,21368.4,63364
2016-08-04,21582.05,21641.5,21005.0,21404.0,47594
2016-08-05,21600.0,22299.0,21516.45,22223.15,48333
2016-08-08,22430.9,22480.8,22079.15,22431.65,28994
2016-08-09,22489.0,22489.0,21765.85,22082.4,25730
2016-08-10,22082.4,22087.35,21620.3,21739.7,31457
2016-08-11,21735.0,22400.0,21525.15,22268.3,44439
2016-08-12,22359.95,22523.0,22079.25,22321.6,32342
2016-08-16,22334.8,22649.0,22141.15,22461.65,41238
2016-08-17,22500.0,22500.0,22212.1,22348.05,22529
2016-08-18,22348.0,22480.95,22078.05,22174.8,20215
2016-08-19,22279.0,22399.95,21713.0,21777.3,30560
2016-08-22,21795.0,21959.95,21547.3,21795.0,32520
2016-08-23,21749.0,22061.0,21654.0,22009.85,23027
2016-08-24,22168.0,22230.0,21890.0,22132.25,28828
2016-08-25,22230.0,22353.5,21971.35,22090.6,40151
2016-08-26,22122.0,22350.0,22100.0,22331.0,23347
2016-08-29,22300.0,22350.0,22160.0,22308.05,46540
2016-08-30,22400.0,23084.0,22175.95,23043.1,59546
2016-08-31,23100.0,23429.25,22601.0,22750.95,143618
2016-09-01,22751.0,22950.05,22675.45,22774.25,36586
2016-09-02,22890.0,23024.25,22755.0,22817.0,30121
2016-09-06,22841.0,23045.15,22827.0,22948.3,43845
2016-09-07,23124.0,23124.0,22810.0,22972.75,44872
2016-09-08,22972.75,23499.0,22858.0,23419.15,38488
2016-09-09,23449.0,23572.95,22860.9,22925.05,32036
2016-09-12,22695.8,22825.0,22445.15,22741.4,65298
2016-09-14,22882.0,22914.0,22350.0,22598.15,58070
2016-09-15,22600.0,22679.95,22266.05,22440.05,39284
2016-09-16,22501.05,23239.9,22501.05,23135.25,55294
2016-09-19,23043.0,23332.85,23000.0,23129.25,29134
2016-09-20,23260.5,23545.05,23156.05,23427.8,55909
2016-09-21,23420.0,24280.0,23333.7,24198.65,95652
2016-09-22,24415.0,24850.0,24265.8,24808.95,71474
2016-09-23,24844.0,25000.0,24550.0,24853.2,53795
2016-09-26,24840.0,24995.0,24605.0,24693.8,52009
2016-09-27,24752.0,24850.0,24480.0,24643.25,32364
2016-09-28,24625.0,26045.0,24620.05,25786.55,102186
2016-09-29,26344.0,26641.3,24451.5,24918.35,138500
2016-09-30,25149.8,25550.0,24549.4,24827.8,72690
2016-10-03,25320.0,25969.0,25143.5,25796.25,55210
2016-10-04,25989.7,26077.45,25542.0,25842.45,39827
2016-10-05,25850.0,26345.9,25612.2,26281.35,39397
2016-10-06,26280.0,26505.0,26061.35,26240.85,38261
2016-10-07,26340.0,26340.0,25750.1,25810.45,25969
2016-10-10,25915.25,26082.0,25761.75,25804.6,20010
2016-10-13,25700.0,25978.0,25567.2,25803.2,49996
2016-10-14,25987.75,25990.0,25330.95,25400.15,45733
2016-10-17,25430.1,25578.2,24564.9,24647.4,45648
2016-10-18,24795.0,25220.3,24700.0,25069.1,41222
2016-10-19,25110.0,25299.0,24900.0,24978.2,22366
2016-10-20,25140.0,25240.0,24800.0,24988.6,27484
2016-10-21,25124.0,25193.85,24815.0,25122.15,17880
2016-10-24,25200.0,25323.0,24830.05,24914.4,18311
2016-10-25,24920.0,25023.9,24599.7,24631.0,33405
2016-10-26,24718.0,24798.9,24159.6,24418.8,37644
2016-10-27,24460.0,24724.0,24058.9,24491.85,50974
2016-10-28,24760.0,24799.0,23676.3,24020.0,95398
2016-11-01,24350.0,25520.9,24301.35,25321.0,88482
2016-11-02,25067.75,25183.95,24731.2,24779.75,36014
2016-11-03,24830.0,25100.0,24402.0,24549.4,26096
2016-11-04,24640.0,24745.05,23774.95,23929.75,33112
2016-11-07,24271.9,24584.95,23955.05,24021.55,27450
2016-11-08,24211.0,24485.0,23886.1,24267.85,24885
2016-11-09,23000.0,23779.95,21842.0,23331.25,56053
2016-11-10,23899.3,23999.0,22890.9,23066.25,36155
2016-11-11,22896.65,22896.65,21573.0,21685.2,62471
2016-11-15,21740.0,21740.0,19530.0,20281.15,153241
2016-11-16,20700.0,21800.0,20010.0,21116.7,151643
2016-11-17,21148.5,21400.0,20663.05,21036.0,57704
2016-11-18,21188.0,21934.15,20881.05,21792.3,75234
2016-11-21,21999.9,21999.9,20103.0,20361.6,85743
2016-11-22,20611.3,20988.25,20172.05,20653.05,72049
2016-11-23,20850.1,21466.0,20649.95,20960.35,70147
2016-11-24,20775.0,20775.0,20222.0,20356.6,74821
2016-11-25,20606.6,20699.0,19936.65,20222.55,88986
2016-11-28,20249.95,20649.95,20000.0,20213.9,109774
2016-11-29,20475.0,21440.0,20327.3,21294.05,112384
2016-11-30,21500.0,21770.75,21123.35,21619.8,89239
2016-12-01,21750.0,22444.0,21621.35,22202.25,129754
2016-12-02,22202.0,22947.95,22126.1,22756.2,183006
2016-12-05,22600.0,23189.0,22600.0,22748.35,72589
2016-12-06,22845.0,22988.0,22380.1,22457.5,37037
2016-12-07,22624.0,23516.8,22511.15,23382.0,111773
2016-12-08,23650.0,23700.05,23056.0,23249.85,70360
2016-12-09,23499.45,23623.8,22785.05,22844.35,76451
2016-12-12,22800.0,23094.75,22051.0,22179.2,46183
2016-12-13,22179.2,22486.0,22017.45,22334.05,50086
2016-12-14,22584.05,22584.05,21711.15,21801.55,43640
2016-12-15,21625.1,22066.85,21465.0,21515.3,50765
2016-12-16,21570.0,21927.0,21500.0,21759.1,71578
2016-12-19,21700.0,21700.0,21500.0,21600.8,21556
2016-12-20,21750.0,21750.0,21100.0,21156.2,28649
2016-12-21,21275.0,21626.55,21211.2,21304.7,30999
2016-12-22,21300.0,21545.25,21150.0,21305.35,80407
2016-12-23,21350.0,21437.8,20788.0,20921.9,40958
2016-12-26,20800.0,20875.8,20228.0,20272.8,34006
2016-12-27,20302.0,20830.0,20292.0,20701.05,34474
2016-12-28,20759.0,21000.0,20730.0,20884.8,34977
2016-12-29,20910.0,21584.65,20650.0,21491.25,61448
2016-12-30,21600.0,21900.0,21600.0,21803.05,34174
2017-01-02,22400.0,22848.0,22301.1,22523.95,67606
2017-01-03,22555.0,22649.9,22321.6,22500.7,35273
2017-01-04,22590.0,22615.7,22088.85,22196.5,28860
2017-01-05,22315.45,22494.95,22218.05,22324.35,74073
2017-01-06,22424.35,22851.4,22350.05,22717.75,49716
2017-01-09,22899.0,23166.7,22850.0,22999.95,44374
2017-01-10,23053.1,23217.7,22690.0,23005.0,33229
2017-01-11,23055.5,23320.0,22935.0,23161.35,39825
2017-01-12,23276.25,23341.75,22785.0,22826.5,38026
2017-01-13,23000.0,23000.0,22679.2,22793.55,21848
2017-01-16,22701.0,22701.3,22310.0,22343.3,38549
2017-01-17,22325.0,22530.0,22175.05,22350.15,43810
2017-01-18,22400.0,22701.0,22345.0,22449.95,35679
2017-01-19,22450.0,23079.95,22185.65,22822.05,46926
2017-01-20,22922.05,23070.0,22600.1,22789.15,26229
2017-01-23,22705.0,22915.0,22550.0,22736.95,21519
2017-01-24,22800.0,23049.5,22700.25,23000.7,27687
2017-01-25,23040.0,23165.0,22885.85,22990.95,39341
2017-01-27,23195.35,23650.65,23125.55,23482.65,75591
2017-01-30,23590.0,23710.65,23100.5,23234.4,37514
2017-01-31,23327.3,23396.0,22405.3,23028.45,56910
2017-02-01,23198.0,24188.0,23050.0,24029.65,100072
2017-02-02,24450.0,24450.0,23625.0,23779.15,71854
2017-02-03,23825.0,23825.0,23313.0,23385.9,30568
2017-02-06,23427.3,23940.0,23427.3,23815.4,25003
2017-02-07,23800.0,23860.0,23502.9,23783.9,21057
2017-02-08,23779.0,24025.85,23606.3,23959.35,26650
2017-02-09,23959.35,24100.0,23500.0,23893.25,27797
2017-02-10,23925.0,24069.85,23765.65,24013.05,19280
2017-02-13,24110.0,24948.0,24102.25,24858.85,56524
2017-02-14,24952.0,25488.85,24649.0,25315.35,59773
2017-02-15,25280.0,25550.0,24520.0,24750.45,57865
2017-02-16,24675.0,25480.0,24666.6,25331.3,46688
2017-02-17,25370.0,25499.9,24720.2,25040.3,42889
2017-02-20,25220.5,25295.0,24800.1,25139.05,20884
2017-02-21,25160.1,25380.0,25047.0,25253.5,21601
2017-02-22,25211.0,25212.6,24926.3,25070.3,49101
2017-02-23,25079.5,25300.0,24686.8,24877.7,84655
2017-02-27,24950.0,25046.45,24275.0,24337.35,44611
2017-02-28,24437.0,24437.0,24024.05,24130.1,79240
2017-03-01,24300.0,24390.0,23600.1,23709.7,71315
2017-03-02,23750.0,23992.4,23333.0,23448.95,43142
2017-03-03,23250.0,23379.95,22997.5,23089.3,37940
2017-03-06,23150.6,23600.0,23000.0,23061.45,65630
2017-03-07,23199.0,23299.0,23100.0,23211.15,31488
2017-03-08,23249.95,23555.0,23113.6,23448.35,26679
2017-03-09,23399.95,23598.25,23315.3,23396.95,28220
2017-03-10,23560.0,23560.0,23201.0,23356.55,32980
2017-03-14,24200.0,24214.95,23565.55,24001.25,41285
2017-03-15,23990.0,24316.2,23903.1,24133.4,30330
2017-03-16,24250.0,24582.35,24198.15,24514.8,30262
2017-03-17,24549.5,24787.95,24292.9,24691.4,49277
2017-03-20,24692.4,25192.0,24602.1,25099.3,39667
2017-03-21,25150.0,25167.95,24730.0,24961.95,36103
2017-03-22,24876.0,24880.0,24429.75,24541.0,42979
2017-03-23,24641.0,24641.0,24070.0,24373.55,28582
2017-03-24,24398.05,24649.9,24220.0,24350.15,14040
2017-03-27,24415.0,24415.0,24020.0,24163.65,25777
2017-03-28,24290.0,25150.0,24265.0,24897.75,39184
2017-03-29,25001.0,25386.0,24460.1,25056.1,78723
2017-03-30,24999.0,25799.95,24882.0,25658.55,84195
2017-03-31,25700.0,25814.9,25107.6,25587.5,56169
2017-04-03,25750.0,25750.0,25327.2,25543.65,36326
2017-04-05,25564.0,25810.95,25422.55,25765.25,39758
2017-04-06,25570.0,25750.0,25365.2,25596.3,29242
2017-04-07,25559.95,25990.0,25451.3,25806.85,37348
2017-04-10,25800.0,25800.0,25526.0,25578.25,26128
2017-04-11,25570.0,25976.05,25443.65,25880.45,28088
2017-04-12,26120.0,26500.0,26020.5,26422.5,71764
2017-04-13,26399.9,26425.0,26049.6,26085.65,20638
2017-04-17,26120.0,26360.0,26075.0,26125.45,16682
2017-04-18,26026.0,26290.0,25450.0,25532.6,36279
2017-04-19,25535.0,25722.0,25342.9,25457.6,21919
2017-04-20,25450.0,25614.55,25321.1,25501.8,18994
2017-04-21,25570.0,25817.45,25525.7,25610.55,23656
2017-04-24,25687.0,26200.0,25466.95,26093.15,26113
2017-04-25,26260.1,26260.1,25669.05,26082.3,35341
2017-04-26,25990.0,26300.0,25870.0,26041.15,25452
2017-04-27,25941.15,26281.0,25900.0,25973.9,27779
2017-04-28,26000.25,26249.45,25970.0,26068.0,15472
2017-05-02,26311.0,26747.9,25336.8,25790.75,63793
2017-05-03,25890.0,26057.7,25660.95,25914.95,17717
2017-05-04,25998.95,26099.0,25555.0,25764.3,27609
2017-05-05,25988.0,26150.0,25561.35,25833.4,42210
2017-05-08,26550.15,26964.9,26170.0,26919.45,106506
2017-05-09,26985.0,27151.0,26790.0,27128.5,47011
2017-05-10,27120.0,27989.0,26912.3,27869.3,69226
2017-05-11,27900.0,30051.0,27900.0,29469.05,163545
2017-05-12,29570.0,29780.0,28814.75,29178.35,51338
2017-05-15,29403.1,29455.0,28831.0,28930.6,20026
2017-05-16,28920.45,29450.0,28820.0,29362.5,36189
2017-05-17,29262.0,29300.0,28971.35,29093.55,18545
2017-05-18,28900.0,28998.85,28213.0,28357.3,30153
2017-05-19,28698.0,28698.0,27756.0,27936.05,44251
2017-05-22,27936.05,28279.95,27021.5,27189.9,48952
2017-05-23,27199.0,27900.0,27120.55,27598.25,68040
2017-05-24,27600.0,27757.05,27200.0,27364.7,34680
2017-05-25,27430.0,28120.0,27321.05,28009.45,42365
2017-05-26,27915.0,28633.5,27915.0,28351.35,30251
2017-05-29,28350.7,28495.0,28028.0,28172.1,21765
2017-05-30,28235.0,28459.35,27812.05,28323.4,23730
2017-05-31,28400.0,28549.0,28227.65,28435.0,42875
2017-06-01,28580.0,29019.45,28500.0,28793.4,47476
2017-06-02,28970.0,29300.0,28900.0,29180.1,29954
2017-06-05,29151.15,29385.0,29151.15,29325.5,16829
2017-06-06,29305.0,29388.7,29000.0,29191.2,16978
2017-06-07,29195.9,29775.75,29195.9,29713.2,46587
2017-06-08,29714.0,30051.0,29436.0,29691.05,30851
2017-06-09,29740.0,29854.7,29371.05,29764.85,21623
2017-06-12,29602.0,29717.7,29272.6,29353.45,17946
2017-06-13,29399.0,29646.6,29000.0,29121.25,26482
2017-06-14,29179.0,29216.9,28921.25,29049.5,18257
2017-06-15,29000.0,29049.5,28505.0,28772.0,26950
2017-06-16,28850.0,28884.85,28578.35,28746.9,42698
2017-06-19,28864.0,28864.0,28400.0,28445.2,23669
2017-06-20,28624.8,28728.0,27860.0,27917.4,80974
2017-06-21,27990.0,27990.0,27300.0,27533.2,70062
2017-06-22,27630.0,27993.9,27511.0,27680.85,103364
2017-06-23,27755.0,27817.5,27050.05,27166.7,27260
2017-06-27,27279.95,27350.0,26555.0,26661.05,32801
2017-06-28,26699.95,27310.0,26400.0,27224.85,43231
2017-06-29,27449.4,27633.0,27000.0,27340.05,151553
2017-06-30,27100.0,27294.9,26942.05,27039.4,25551
2017-07-03,27299.0,27812.2,27119.0,27766.8,57382
2017-07-04,27766.0,27977.0,27460.55,27850.95,46482
2017-07-05,27750.0,28124.0,27750.0,28067.1,65991
2017-07-06,28150.0,28180.0,27581.0,27689.1,33871
2017-07-07,27800.0,28149.7,27550.0,27852.25,24732
2017-07-10,28113.85,28200.0,27695.0,27931.3,4136
2017-07-11,27999.95,28250.0,27880.1,28130.9,32909
2017-07-12,28200.0,28328.4,27958.1,28258.5,34112
2017-07-13,28358.5,28399.95,28008.5,28055.95,32687
2017-07-14,28055.0,28140.0,27640.0,27907.15,32341
2017-07-17,27910.0,28233.95,27909.95,28059.55,52570
2017-07-18,28150.0,28690.0,28011.95,28598.5,43805
2017-07-19,28777.0,29290.0,28700.0,29215.0,39191
2017-07-20,29289.0,29336.35,28904.3,29252.65,30532
2017-07-21,29252.0,29392.5,28752.65,28903.15,21845
2017-07-24,28850.0,29090.0,28726.85,28843.75,14000
2017-07-25,28980.0,28980.0,28183.0,28407.45,43131
2017-07-26,28427.3,29100.0,28408.05,29002.45,43847
2017-07-27,28990.0,30162.5,28569.85,29102.25,111714
2017-07-28,28750.0,29498.0,28699.85,29388.4,31460
2017-07-31,29363.9,30200.0,29050.0,30081.2,56838
2017-08-01,30223.3,31600.0,30213.0,31504.8,128219
2017-08-02,31750.0,31804.8,31051.0,31153.8,42381
2017-08-03,31124.0,31399.95,30627.55,30726.05,34412
2017-08-04,30665.0,31925.0,30500.0,31637.25,47523
2017-08-07,31700.0,32191.0,31651.35,31969.85,35910
2017-08-08,32018.95,32449.35,31471.6,32120.85,47878
2017-08-09,32230.0,32374.45,31333.6,31489.1,63895
2017-08-10,31500.0,31799.9,29830.0,30111.7,77024
2017-08-11,29515.65,30100.0,29135.4,29627.35,58991
2017-08-14,29765.2,30924.0,29765.2,30385.6,45492
2017-08-16,30700.0,30709.95,30100.0,30617.0,39164
2017-08-17,30775.0,31093.25,30617.0,30928.0,34762
2017-08-18,30917.0,31598.85,30511.55,31511.45,39089
2017-08-21,31550.0,32077.9,31500.0,31634.25,44213
2017-08-22,31690.0,31894.0,30905.7,30977.15,31872
2017-08-23,31185.5,31229.85,30211.55,30648.25,37637
2017-08-24,30770.0,30989.5,30500.0,30750.9,21126
2017-08-28,31000.0,31900.0,30900.05,31288.35,47279
2017-08-29,31280.0,31328.7,30711.0,30859.15,30498
2017-08-30,31098.65,31367.4,30911.0,30984.0,27311
2017-08-31,31000.0,31545.0,30620.0,31450.85,45432
2017-09-01,31528.75,31970.0,31298.95,31772.4,44615
2017-09-04,31946.0,31946.0,31448.1,31753.55,31384
2017-09-05,31750.0,32000.0,31600.0,31935.3,29547
2017-09-06,31747.4,32121.15,31635.3,32082.6,24901
2017-09-07,32500.0,33328.8,32301.0,32861.95,80695
2017-09-08,33399.95,33480.0,32468.1,32617.75,54931
2017-09-11,32500.0,32750.0,32400.0,32498.6,34164
2017-09-12,32698.0,32698.95,32300.05,32661.85,28189
2017-09-13,32599.0,32604.25,32082.25,32226.4,24944
2017-09-14,32301.2,32340.0,31836.7,32065.2,28008
2017-09-15,31965.2,32099.4,31650.0,32007.95,39487
2017-09-18,32160.0,32799.2,32136.85,32766.1,31969
2017-09-19,32800.0,32916.85,32290.0,32403.95,22279
2017-09-20,32451.5,32644.95,32300.0,32443.5,17987
2017-09-21,32480.0,32549.0,31698.35,31824.3,29792
2017-09-22,31779.0,31779.0,31280.0,31579.6,36042
2017-09-25,31500.0,31651.2,30577.6,30979.85,38819
2017-09-26,30900.0,31060.15,30500.05,30827.25,54541
2017-09-27,30967.8,31050.0,30338.0,30470.2,24895
2017-09-28,30570.0,30594.2,29910.05,30185.2,77927
2017-09-29,30385.0,31289.0,30204.45,31213.3,39752
2017-10-03,31799.0,31967.95,30939.95,31147.3,46515
2017-10-04,31149.0,31280.65,30805.3,30884.6,20768
2017-10-05,30910.0,31200.0,30712.3,30788.7,19193
2017-10-06,30988.0,31625.0,30850.15,31541.15,29140
2017-10-09,31703.0,31990.0,31301.1,31874.15,27315
2017-10-10,31900.0,32072.25,31452.3,31545.15,32183
2017-10-11,31637.15,31748.55,30960.05,31243.25,27774
2017-10-12,31300.5,31511.95,31020.75,31335.95,25119
2017-10-13,31589.65,31589.65,31211.0,31399.25,22160
2017-10-16,31526.9,31950.0,31501.1,31739.95,24908
2017-10-17,31699.95,31910.0,31331.7,31863.5,27608
2017-10-18,31830.0,31830.0,31350.0,31521.35,31013
2017-10-19,31519.0,31698.95,31400.0,31489.1,3589
2017-10-23,31402.0,31653.5,30900.0,31170.8,26637
2017-10-24,31200.0,31610.95,31103.8,31483.3,17166
2017-10-25,31480.0,31846.45,31436.3,31716.4,21199
2017-10-26,31690.0,31828.75,31305.0,31617.55,41994
2017-10-27,31710.0,31899.95,31570.0,31811.75,14026
2017-10-30,31850.0,32500.0,31850.0,32371.05,22042
2017-10-31,32489.0,32766.6,32200.0,32233.4,29742
2017-11-01,32499.0,32539.2,30861.0,30929.8,91123
2017-11-02,31000.0,31392.3,31000.0,31140.4,28041
2017-11-03,31450.0,31450.0,30723.0,31235.1,26740
2017-11-06,31235.1,31443.2,30900.0,31088.35,25631
2017-11-07,31300.0,31300.0,30955.05,31159.85,38364
2017-11-08,31159.0,31299.95,31000.8,31195.3,14609
2017-11-09,31238.75,31238.75,30600.0,30853.3,20505
2017-11-10,30900.0,30934.95,30370.2,30551.65,34983
2017-11-13,30560.0,31042.5,30478.5,30584.1,23426
2017-11-14,30740.0,30923.0,29612.0,30089.55,70476
2017-11-15,30000.25,30685.95,30000.0,30483.35,38398
2017-11-16,30650.0,30726.95,30355.05,30399.1,25304
2017-11-17,30600.65,30839.9,30500.15,30707.45,26993
2017-11-20,30754.0,30754.0,30474.95,30639.7,16162
2017-11-21,30700.0,30794.85,30201.55,30420.55,25881
2017-11-22,30580.0,30592.9,30135.0,30178.2,15266
2017-11-23,30200.0,30685.0,30175.0,30619.95,34191
2017-11-24,30620.0,31003.15,30601.05,30812.35,26528
2017-11-27,30812.35,31099.0,30694.3,30755.7,33595
2017-11-28,30800.0,30850.0,30400.7,30536.55,19288
2017-11-29,30690.0,30800.0,30101.85,30220.25,37733
2017-11-30,30220.0,30249.65,29880.4,29944.05,40563
2017-12-01,30288.0,30344.0,29159.0,29280.95,49501
2017-12-04,29553.5,29757.9,29208.7,29403.7,38053
2017-12-05,29301.55,29398.95,28500.0,28928.8,76113
2017-12-06,28630.0,28870.0,28111.0,28157.8,48820
2017-12-07,28397.0,28987.0,28159.0,28810.5,75065
2017-12-08,28600.0,29237.8,28600.0,28999.95,45767
2017-12-11,29323.4,29669.8,29100.05,29247.9,47811
2017-12-12,29274.0,29274.0,28555.65,28598.65,38747
2017-12-13,28599.0,29076.1,28298.0,28721.25,43794
2017-12-14,28850.0,28888.95,28451.05,28738.7,23263
2017-12-15,29000.0,29564.4,28909.7,29478.7,47512
2017-12-18,29320.5,29999.0,28847.8,29909.4,37661
2017-12-19,29990.0,30950.0,29986.4,30823.35,53360
2017-12-20,30850.0,30999.0,29933.95,30174.6,58444
2017-12-21,30248.0,30457.4,30175.0,30248.5,18231
2017-12-22,30450.0,30720.05,30037.05,30250.75,24085
2017-12-26,30440.0,30450.0,29950.0,30251.15,20611
2017-12-27,30280.0,30320.0,30100.0,30190.65,12394
2017-12-28,30300.0,30300.0,29686.0,29832.45,29851
2017-12-29,29900.0,30466.45,29899.95,30340.85,21804
2018-01-01,30399.95,30420.0,29850.0,29893.15,19847
2018-01-02,29925.0,29955.0,28539.7,28670.15,84793
2018-01-03,28850.0,29045.0,28542.15,28814.35,47088
2018-01-04,28825.7,28957.6,28415.0,28570.75,49421
2018-01-05,28797.0,29325.0,28686.2,29237.0,52777
2018-01-08,29400.0,29400.0,29040.05,29197.4,32924
2018-01-09,29201.0,29241.65,28510.65,28596.95,82718
2018-01-10,28620.0,28699.95,28000.0,28097.5,84202
2018-01-11,28100.0,28525.0,27820.5,28444.7,60091
2018-01-12,28520.0,28780.0,28211.0,28649.75,59657
2018-01-15,28750.0,28750.0,27900.0,27981.5,57594
2018-01-16,28010.0,28150.0,27701.0,27891.2,46537
2018-01-17,27800.0,28301.0,27680.1,28222.85,47595
2018-01-18,28228.85,28479.0,27811.05,27954.4,49399
2018-01-19,27880.0,28188.35,27751.0,28009.45,32459
2018-01-22,28009.45,28097.75,27590.0,27649.8,34466
2018-01-23,27700.0,27829.45,27020.0,27071.25,117399
2018-01-24,27006.0,27050.0,26302.15,26404.05,94058
2018-01-25,26500.0,26730.0,26208.05,26519.4,175472
2018-01-29,26730.0,27849.0,26566.05,27453.65,127423
2018-01-30,27450.0,27453.0,26559.0,26689.4,141663
2018-01-31,26827.3,27387.0,26525.15,26923.6,137766
2018-02-01,26984.0,28300.0,26714.5,28047.35,125564
2018-02-02,27901.0,28521.5,27200.0,27811.75,149859
2018-02-05,27300.0,27799.0,27300.0,27537.95,48683
2018-02-06,26545.55,28050.0,26500.0,27579.25,61408
2018-02-07,27919.65,28410.95,27120.1,28010.45,138851
2018-02-08,28230.0,28350.0,27810.0,28198.0,68533
2018-02-09,27605.0,27950.0,27560.0,27747.95,33515
2018-02-12,27751.0,28000.0,27706.5,27901.4,17594
2018-02-14,27820.0,28217.45,27752.6,28027.6,37999
2018-02-15,28200.0,28399.0,28100.0,28340.45,30232
2018-02-16,28400.0,28424.95,27151.0,27328.15,49309
2018-02-19,27485.0,27558.8,26695.7,27089.5,33266
2018-02-20,27120.0,27399.9,26801.0,26916.4,21098
2018-02-21,27124.0,27480.0,27043.6,27365.75,36682
2018-02-22,27350.0,27350.0,26700.0,26868.5,61721
2018-02-23,27100.0,27146.45,26500.0,26724.4,86803
2018-02-26,26990.0,27285.15,26710.0,27185.95,45025
2018-02-27,27201.0,27346.8,27006.8,27154.65,50684
2018-02-28,27030.0,27599.0,26511.0,27437.75,62724
2018-03-01,27311.45,28001.0,27282.3,27742.35,91423
2018-03-05,27725.0,27799.9,27440.05,27548.35,51019
2018-03-06,27710.0,27784.25,27251.15,27488.45,42735
2018-03-07,27470.0,27655.0,27305.6,27528.15,27472
2018-03-08,27580.0,27849.0,27425.55,27711.85,29823
2018-03-09,27750.0,28065.0,27660.45,27963.85,28679
2018-03-12,28065.0,28380.0,28065.0,28316.9,23032
2018-03-13,28052.0,28920.0,28052.0,28849.35,41271
2018-03-14,28894.0,29059.95,28760.0,28846.65,46466
2018-03-15,28850.0,28933.2,28630.0,28695.55,25262
2018-03-16,28650.0,28838.4,27888.2,28079.15,53436
2018-03-19,28120.0,28274.65,27301.05,27403.05,19513
2018-03-20,27380.0,28424.0,27350.15,28360.45,47070
2018-03-21,28380.0,28489.0,27830.0,27980.85,34171
2018-03-22,27974.25,28488.0,27925.35,28030.5,26132
2018-03-23,27570.0,28015.3,27339.3,27896.1,44127
2018-03-26,27802.95,28001.0,27608.25,27873.05,26275
2018-03-27,28159.0,28560.0,28013.9,28424.1,35617
2018-03-28,28248.0,28651.45,27999.0,28372.65,78536
2018-04-02,28510.0,28803.7,28189.05,28288.75,31100
2018-04-03,28235.7,28235.7,27800.0,27990.0,30972
2018-04-04,28498.0,29250.0,28400.65,28934.25,86068
2018-04-05,29200.0,29749.0,29100.05,29677.75,51075
2018-04-06,29748.0,29899.95,29568.0,29799.15,46332
2018-04-09,29900.0,29986.15,29700.0,29805.75,24641
2018-04-10,29811.0,30170.0,29650.0,29972.05,46516
2018-04-11,29999.95,30840.0,29925.0,30685.1,69483
2018-04-12,30545.75,30900.0,30530.0,30681.55,58410
2018-04-13,30681.0,31500.0,30600.0,31353.0,45232
2018-04-16,31400.0,31400.0,31000.0,31299.25,35006
2018-04-17,31300.0,31468.2,30900.0,31027.6,27292
2018-04-18,31050.05,31337.25,30800.0,30873.9,22240
2018-04-19,31180.0,31189.0,30580.0,30920.15,26808
2018-04-20,30850.0,31220.0,30677.6,31148.7,17560
2018-04-23,31399.95,31399.95,31000.0,31065.2,25698
2018-04-24,31150.0,31500.0,30950.7,31136.75,30284
2018-04-25,31150.0,31200.0,30607.2,30746.95,19360
2018-04-26,30750.0,31316.0,30750.0,31205.2,22392
2018-04-27,31340.0,32236.7,31236.4,31599.3,44446
2018-04-30,31700.0,31884.85,31044.45,31188.6,25647
2018-05-02,31349.0,31453.8,30290.0,30522.25,59292
2018-05-03,30725.0,30725.0,29602.0,29878.4,31793
2018-05-04,29800.0,30100.0,29150.0,29208.4,24758
2018-05-07,29449.95,29850.0,29100.05,29766.85,29255
2018-05-08,29800.0,30500.0,29800.0,30427.05,38560
2018-05-09,30499.0,30740.15,30150.0,30315.65,38251
2018-05-10,30800.0,31207.45,30075.1,30647.5,70112
2018-05-11,30750.0,31150.0,30625.0,30873.0,33957
2018-05-14,30890.65,30950.0,30376.6,30495.25,22972
2018-05-15,30495.25,31000.0,30190.15,30772.85,44629
2018-05-16,30500.05,30970.4,30335.0,30565.7,30974
2018-05-17,30566.8,30925.0,30377.9,30495.95,26798
2018-05-18,30600.0,30740.0,29791.65,30086.2,30909
2018-05-21,29900.8,30199.8,29316.05,29432.9,29903
2018-05-22,29490.0,29969.9,29490.0,29929.55,23406
2018-05-23,29853.2,29853.2,29300.0,29392.05,43504
2018-05-24,29450.0,29700.25,29289.0,29515.4,19478
2018-05-25,29522.55,30333.35,29522.55,30203.45,31931
2018-05-28,30110.0,30750.0,30017.95,30682.75,25969
2018-05-29,30681.0,30750.0,30340.15,30510.7,20231
2018-05-30,30338.65,30430.0,30000.0,30136.3,26997
2018-05-31,30249.0,31499.0,30176.75,30780.65,91548
2018-06-01,30650.0,30650.0,29320.0,29868.75,68883
2018-06-04,29950.25,30273.8,29315.0,29377.65,34668
2018-06-05,29606.55,29606.55,29058.6,29236.35,24133
2018-06-06,29400.0,30062.0,29210.05,29949.25,22144
2018-06-07,30108.3,30267.0,29583.8,29712.4,23962
2018-06-08,29640.0,29640.0,29300.0,29513.0,17690
2018-06-11,29660.55,29780.0,29500.0,29677.0,15911
2018-06-12,29603.35,29978.95,29150.0,29208.4,40786
2018-06-13,29380.0,29556.0,29250.0,29448.6,26927
2018-06-14,29560.0,29575.0,29155.0,29536.7,32023
2018-06-15,29552.0,29648.0,29290.5,29573.75,53984
2018-06-18,29590.0,30265.0,29421.0,30135.3,38968
2018-06-19,30135.3,30150.0,29684.55,29949.65,22787
2018-06-20,29970.0,30190.0,29673.25,29805.3,25043
2018-06-21,29880.0,30058.3,29355.75,29424.9,23594
2018-06-22,29449.0,29472.3,28906.95,29140.65,49023
2018-06-25,29140.65,29721.35,29140.65,29440.0,26616
2018-06-26,29441.5,29557.45,28900.15,29035.45,50745
2018-06-27,29099.0,29177.8,28253.05,28371.85,34585
2018-06-28,28240.0,28550.0,27751.6,28425.55,76689
2018-06-29,28699.6,28788.8,28400.0,28590.45,81517
2018-07-02,28655.0,28781.0,27865.15,28187.65,41965
2018-07-03,28375.0,28375.0,28005.0,28079.0,50476
2018-07-04,28199.0,28390.0,28085.0,28238.0,37877
2018-07-05,28338.0,28338.05,27849.25,27888.0,36620
2018-07-06,27896.05,28140.0,27475.35,27626.3,59924
2018-07-09,27879.95,27900.0,27550.0,27632.5,28872
2018-07-10,27840.0,28392.25,27647.6,28289.0,98185
2018-07-11,28278.75,28610.0,28072.0,28160.5,42602
2018-07-12,28450.0,28450.0,27920.0,27995.35,26967
2018-07-13,28174.0,28174.0,27480.15,27529.15,50780
2018-07-16,27600.0,27745.0,27050.0,27424.3,19328
2018-07-17,27407.0,27479.2,26981.7,27153.7,83593
2018-07-18,27251.0,27700.0,27165.0,27222.55,59618
2018-07-19,27340.0,27386.8,26799.5,26980.65,45082
2018-07-20,26980.65,27149.9,26761.1,27048.1,29535
2018-07-23,27099.7,27348.0,26870.0,27023.45,32474
2018-07-24,26805.0,27800.0,26805.0,27697.8,86004
2018-07-25,27710.0,27900.0,27105.0,27288.3,57856
2018-07-26,27500.0,28550.0,27348.0,28265.65,133165
2018-07-27,28449.0,29000.0,28301.05,28946.2,57917
2018-07-30,29124.95,29124.95,28487.0,28594.65,22219
2018-07-31,28650.0,28650.0,27733.0,27798.55,67618
2018-08-01,27846.0,27846.0,27134.5,27298.7,55096
2018-08-02,26670.0,27283.45,26601.0,26960.85,95894
2018-08-03,27198.9,27258.95,26886.0,26995.7,53328
2018-08-06,26911.15,27300.0,26911.15,27037.5,20686
2018-08-07,27249.35,27600.0,27000.0,27523.55,42699
2018-08-08,27697.0,27697.0,27370.0,27593.15,28980
2018-08-09,27800.0,27800.0,27200.0,27438.75,26797
2018-08-10,27689.95,29180.0,27651.0,28997.7,150937
2018-08-13,28997.7,28997.7,28230.0,28406.6,43231
2018-08-14,28456.0,29148.0,28416.45,28992.35,49559
2018-08-16,28900.0,29470.0,28609.05,28803.85,45933
2018-08-17,29000.0,29175.0,28400.0,28476.15,37163
2018-08-20,28689.7,28800.0,28076.0,28382.8,44857
2018-08-21,28499.0,28800.0,28399.05,28611.15,39404
2018-08-23,28607.15,28824.95,28360.0,28766.9,36820
2018-08-24,28623.0,29000.0,28533.95,28869.8,40808
2018-08-27,29027.3,29300.0,28601.0,28982.05,42376
2018-08-28,29200.0,29267.0,28500.0,28677.95,40562
2018-08-29,28820.0,28821.3,28135.0,28188.75,42153
2018-08-30,28400.0,28489.9,27551.95,27602.15,61340
2018-08-31,27627.3,28144.0,27615.0,28059.75,62753
2018-09-03,28100.0,28999.0,28090.0,28885.85,103052
2018-09-04,28900.0,29040.0,28625.0,28807.2,39652
2018-09-05,28600.05,29150.0,28600.05,29055.0,80248
2018-09-06,29249.55,29249.55,28710.0,28844.15,39684
2018-09-07,28844.15,28949.0,28610.7,28682.2,27655
2018-09-11,28680.0,28680.0,27950.7,28069.6,35532
2018-09-14,28829.9,29425.0,28829.9,29383.75,35698
2018-09-17,29305.0,29780.0,29172.0,29663.7,44677
2018-09-18,29601.0,29800.0,28572.1,28900.35,43483
2018-09-19,29097.95,29370.55,28280.1,28410.5,38664
2018-09-21,28595.0,28699.65,27336.0,27940.2,74066
2018-09-24,27983.0,28099.65,25611.0,25852.8,139835
2018-09-25,25860.0,25990.0,25035.25,25599.7,139126
2018-09-26,25897.0,26250.45,25101.0,25180.75,78609
2018-09-27,25369.6,25617.0,24601.2,24902.2,125848
2018-09-28,24985.0,25499.95,23523.7,24185.4,112901
2018-10-01,24280.0,24999.0,23230.0,24749.5,114404
2018-10-03,24750.0,24750.0,23050.0,23235.75,246747
2018-10-04,22900.0,22900.0,20001.15,21907.85,412533
2018-10-05,21597.25,22669.45,20975.1,21190.45,179115
2018-10-08,21400.0,22314.0,20651.05,22134.75,161490
2018-10-09,21912.9,22181.15,20801.3,21085.7,172743
2018-10-10,21327.3,22810.0,21327.3,22582.35,148891
2018-10-11,21300.0,22600.0,21182.45,22357.45,174884
2018-10-12,22944.0,24199.0,22501.0,23903.75,176103
2018-10-15,24100.0,24134.05,23000.05,23434.5,116229
2018-10-16,23550.0,23950.0,22750.0,23002.15,105154
2018-10-17,23380.0,23727.4,21850.0,21978.1,120733
2018-10-19,21978.1,22380.0,21351.05,21625.3,121971
2018-10-22,21950.0,22560.0,21850.0,22425.1,95516
2018-10-23,22040.0,22475.0,21901.0,22258.15,89449
2018-10-24,22600.0,22690.0,21851.0,22624.7,76059
2018-10-25,22324.0,22427.3,21900.0,22092.2,129819
2018-10-26,22272.3,22300.0,21705.0,21806.4,49593
2018-10-29,21990.0,22084.0,21290.0,21461.9,96178
2018-10-30,21500.0,21513.4,20985.0,21026.15,63135
2018-10-31,21200.0,21990.0,20701.15,21864.6,121587
2018-11-01,21750.0,22299.8,21750.0,21992.1,140256
2018-11-02,22300.0,23080.55,22200.0,22674.1,131866
2018-11-05,22701.0,22765.0,22374.1,22552.25,35856
2018-11-06,22650.0,22827.3,22370.0,22559.65,50764
2018-11-07,22700.0,22825.9,22600.15,22650.3,5241
2018-11-09,22739.5,22739.5,22405.0,22495.25,72459
2018-11-12,22370.0,22495.25,21820.4,21933.55,53771
2018-11-13,21451.0,23400.0,21196.75,23241.85,268847
2018-11-14,23300.0,24184.0,23056.0,23240.1,199343
2018-11-15,23400.0,24041.95,23291.5,23945.35,112308
2018-11-16,24120.0,24830.0,23925.1,24735.0,130265
2018-11-19,24990.0,25340.0,24726.4,24897.1,124443
2018-11-20,24897.1,25350.0,24450.55,24595.8,103074
2018-11-21,24744.0,25300.0,23960.1,24216.4,117815
2018-11-22,24420.0,24479.95,23940.0,24109.05,67906
2018-11-26,24160.0,24488.0,23626.6,23848.3,76577
2018-11-27,24017.95,24039.75,23580.0,23807.55,51389
2018-11-28,23780.0,24050.0,23040.0,23111.35,81434
2018-11-29,23300.0,23596.05,22952.05,23521.3,92463
2018-11-30,23500.0,23739.95,23310.0,23405.3,86490
2018-12-03,23320.0,23898.0,22953.0,23567.3,92778
2018-12-04,23505.0,23738.7,23300.0,23401.4,53075
2018-12-05,23280.0,23280.0,22685.0,22793.45,88551
2018-12-06,22770.0,22770.0,22100.0,22211.35,115212
2018-12-07,22400.0,22486.15,21963.4,22369.25,96234
2018-12-10,22098.2,22599.8,21865.0,22404.85,50507
2018-12-11,22011.0,22766.05,21800.0,22640.6,61152
2018-12-12,22640.6,23850.0,22640.6,23722.0,66806
2018-12-13,23800.0,24124.95,23200.0,23305.4,108713
2018-12-14,23350.0,23800.0,23150.7,23716.15,76757
2018-12-17,23951.0,23951.0,23550.0,23697.8,44265
2018-12-18,23570.0,23900.0,23343.95,23865.65,61416
2018-12-19,23865.65,24220.0,23808.05,23955.7,49079
2018-12-20,23800.0,24178.0,23700.1,24092.0,50123
2018-12-21,24146.0,24190.0,23411.1,23597.6,57989
2018-12-24,23479.95,23575.0,23119.2,23210.7,34687
2018-12-26,23100.0,23450.0,22700.0,23081.35,55049
2018-12-27,23300.0,23383.0,22887.9,22994.5,47478
2018-12-28,23011.0,23310.0,22995.0,23124.1,37304
2018-12-31,23350.0,23390.0,23007.75,23158.35,43103
2019-01-01,23162.25,23293.0,22905.0,23195.1,44434
2019-01-02,22340.0,22340.0,20950.25,21162.3,481497
2019-01-03,21040.0,21040.0,20151.0,20211.45,468301
2019-01-04,20325.0,20648.05,20001.0,20103.6,341833
2019-01-07,20450.0,20477.0,19755.0,19830.4,215668
2019-01-08,19855.0,20630.0,19785.0,20044.65,366429
2019-01-09,19890.0,20397.75,19850.0,20291.05,163752
2019-01-10,20360.0,20600.0,20345.05,20556.1,102143
2019-01-11,20600.0,20767.3,20387.0,20507.6,112220
2019-01-14,20628.0,20629.2,20222.0,20480.4,70121
2019-01-15,20540.0,20670.0,20480.0,20638.15,63319
2019-01-16,20626.0,20783.95,20626.0,20735.7,67468
2019-01-17,20800.0,20847.75,20160.45,20369.95,103777
2019-01-18,20400.0,20425.0,19950.0,20122.75,108140
2019-01-21,20151.0,20297.95,19949.75,20028.0,95038
2019-01-22,20001.0,20350.0,19900.0,20023.6,137830
2019-01-23,20077.0,20223.0,19991.0,20089.15,53595
2019-01-24,20150.0,20330.0,20075.0,20115.6,45723
2019-01-25,20200.0,20337.75,19835.1,20049.95,67189
2019-01-28,20061.0,20241.0,19871.6,19987.4,101907
2019-01-29,19999.0,20000.0,18800.0,18877.25,193198
2019-01-30,18900.0,19094.9,18800.0,18919.15,102632
2019-01-31,19120.0,19178.95,18836.1,19005.75,67511
2019-02-01,19090.0,20144.7,19076.05,19663.4,185717
2019-02-04,19720.0,20431.95,19435.0,20128.3,162129
2019-02-05,20161.0,20584.9,20160.0,20479.65,101870
2019-02-06,20529.65,21200.0,20529.65,21104.25,129716
2019-02-07,21234.9,21965.0,21150.7,21904.2,135294
2019-02-08,21855.0,21904.2,20750.0,20847.4,123403
2019-02-11,20434.0,21459.55,20331.0,20753.15,261982
2019-02-12,20470.0,21300.0,20070.0,21137.5,259036
2019-02-13,21250.0,21350.0,20001.0,20158.7,150490
2019-02-14,20160.0,20588.1,19900.0,20016.4,140341
2019-02-15,20147.3,20377.2,19932.05,20234.1,123595
2019-02-18,20433.0,20450.0,20047.7,20155.2,85097
2019-02-19,20200.0,20464.55,20121.0,20409.8,65474
2019-02-20,20415.0,20650.0,20380.0,20528.55,69858
2019-02-21,20450.0,20634.7,20250.0,20447.45,67021
2019-02-22,20577.0,20700.0,20300.0,20595.45,74001
2019-02-25,20699.9,20780.95,20500.0,20704.8,46260
2019-02-26,20670.0,20874.95,20400.1,20620.0,87877
2019-02-27,20780.85,20780.85,20302.05,20407.75,62401
2019-02-28,20649.0,20649.0,19800.0,19869.1,187027
2019-03-01,19904.0,20031.95,19720.0,19948.65,98433
2019-03-05,19500.0,21877.0,19320.0,21505.4,452363
2019-03-06,21510.0,21800.0,21405.0,21503.95,126586
2019-03-07,21549.0,21700.0,21411.25,21521.5,83115
2019-03-08,21520.0,22093.45,21400.05,21871.05,195792
2019-03-11,21948.55,23145.2,21895.0,22972.45,248559
2019-03-12,23001.0,23355.0,22272.9,22461.95,199248
2019-03-13,22488.8,22898.0,22462.0,22777.25,146168
2019-03-14,22800.0,22986.95,22501.0,22619.9,96875
2019-03-15,22838.0,22838.0,22426.0,22612.35,98190
2019-03-18,22600.0,22799.9,22102.0,22251.4,99314
2019-03-19,22240.0,22240.0,21579.55,21759.1,201175
2019-03-20,21660.0,21850.0,21190.0,21338.0,137103
2019-03-22,21338.0,21674.6,21275.0,21446.85,216882
2019-03-25,21390.0,21390.0,21050.95,21151.35,99423
2019-03-26,21275.0,21444.2,21005.0,21382.0,109883
2019-03-27,21401.0,21485.0,20855.65,20974.15,117588
2019-03-28,21024.0,21300.0,20781.05,20899.0,125561
2019-03-29,20795.0,20800.0,20498.0,20547.7,114105
2019-04-01,20788.7,20788.7,19985.5,20048.4,195397
2019-04-02,20310.0,21191.05,20301.0,20583.5,314645
2019-04-03,20400.0,20476.0,20112.2,20202.7,123265
2019-04-04,20240.0,20600.0,19921.0,20489.55,167558
2019-04-05,20605.0,21029.35,20600.1,20980.3,127688
2019-04-08,21124.0,21189.0,20543.6,20612.65,86524
2019-04-09,20699.0,21024.0,20355.0,20947.1,80256
2019-04-10,20840.0,21080.0,20650.0,20973.75,83550
2019-04-11,20900.0,21073.9,20810.4,20998.15,97645
2019-04-12,21027.3,21430.0,20905.05,21361.15,130351
2019-04-15,21362.0,21560.0,21251.0,21331.95,64604
2019-04-16,21530.0,21541.8,21200.0,21270.55,61719
2019-04-18,21378.0,21469.95,20949.55,21023.9,69461
2019-04-22,20850.0,20994.8,20345.0,20400.85,61522
2019-04-23,20549.0,20549.0,20204.55,20314.9,73172
2019-04-24,20400.0,20580.0,20140.0,20531.55,80461
2019-04-25,20510.45,20639.0,20300.0,20340.2,91066
2019-04-26,20351.0,20452.55,20175.0,20330.65,63786
2019-04-30,20270.0,20400.0,20150.0,20368.3,65090
2019-05-02,19990.0,20630.0,19860.0,20565.1,109534
2019-05-03,20571.0,20600.0,20340.0,20352.35,52328
2019-05-06,20200.0,20485.75,20199.0,20349.9,55068
2019-05-07,20470.0,20579.9,20270.05,20353.2,48978
2019-05-08,20280.0,20470.0,20250.0,20336.55,43021
2019-05-09,20315.0,20490.85,20227.6,20360.9,43718
2019-05-10,20390.0,20417.55,20301.0,20354.0,54755
2019-05-13,20050.0,20121.0,18600.0,18751.75,342973
2019-05-14,18310.0,19366.4,18205.0,19230.9,374511
2019-05-15,19275.0,20168.95,19231.0,19997.75,217165
2019-05-16,20050.0,20380.1,19525.0,20305.25,126653
2019-05-17,20200.0,21000.0,20054.2,20937.0,131099
2019-05-20,21450.0,21610.0,21073.65,21297.2,111710
2019-05-21,21240.05,21375.0,20812.05,20901.75,60326
2019-05-22,20950.0,21300.0,20746.5,21224.65,74468
2019-05-23,21361.0,21649.0,20149.25,20321.15,147040
2019-05-24,20550.0,21047.5,20350.0,20850.65,109494
2019-05-27,20910.0,21149.6,20765.0,20887.35,66295
2019-05-28,21050.0,21050.0,20700.0,20790.1,91732
2019-05-29,20880.0,20927.25,20360.65,20423.75,68932
2019-05-30,20420.0,20499.9,19820.0,19891.5,134727
2019-05-31,20100.0,20263.25,19800.0,19947.75,111855
2019-06-03,19860.0,20070.0,19560.05,19948.15,157756
2019-06-04,19994.0,20360.0,19783.5,20043.45,127955
2019-06-06,20190.0,20360.0,19955.95,20083.8,126296
2019-06-07,20143.9,20219.9,19850.0,19997.75,72271
2019-06-10,20195.0,20320.75,20025.05,20131.45,42626
2019-06-11,20176.55,20220.95,20000.4,20132.0,42939
2019-06-12,20152.0,20200.0,19972.95,20105.95,41876
2019-06-13,20048.0,20200.0,19900.0,20162.05,59765
2019-06-14,20000.0,20149.95,19600.0,19767.05,48061
2019-06-17,19750.05,19990.0,19638.0,19727.85,48634
2019-06-18,19750.0,19938.0,19565.8,19731.85,55087
2019-06-19,19830.0,20099.0,19700.0,19790.7,84759
2019-06-20,19899.0,19899.0,19620.0,19793.15,71615
2019-06-21,19790.0,19899.0,19653.25,19719.2,54662
2019-06-24,19771.0,19830.95,18912.1,19098.2,124036
2019-06-25,19100.55,19248.9,18831.05,19116.85,129656
2019-06-26,19050.1,19325.0,19050.1,19151.85,81692
2019-06-27,19151.85,19669.0,19151.85,19479.3,118394
2019-06-28,19549.5,19634.8,19080.0,19138.8,76046
2019-07-01,19290.0,19749.9,19200.0,19625.3,102153
2019-07-02,19300.0,20288.8,19299.0,20137.45,143186
2019-07-03,20100.0,20150.0,19580.6,19650.1,92273
2019-07-04,19754.65,20095.0,19636.0,19825.4,105134
2019-07-05,19949.3,20045.0,19581.85,19645.1,75386
2019-07-08,19680.0,19753.6,18851.0,19032.9,99141
2019-07-09,19180.0,19295.4,18730.05,19038.6,129564
2019-07-10,18990.0,19270.95,18650.0,18751.0,83121
2019-07-11,18914.95,19066.65,18820.0,19034.15,69500
2019-07-12,18984.15,19100.0,18860.0,18955.3,83310
2019-07-15,19100.0,19198.0,18787.5,18833.85,50053
2019-07-16,18870.0,19100.0,18654.05,19041.25,60294
2019-07-17,19050.0,19050.0,18310.05,18433.7,94084
2019-07-18,18530.0,18581.2,18350.0,18406.0,68383
2019-07-19,18527.0,18540.0,17500.0,17664.0,184141
2019-07-22,17725.0,17794.1,16974.95,17072.0,233448
2019-07-23,17200.0,17381.35,17041.6,17098.45,113140
2019-07-24,17100.5,17154.9,16175.0,16381.05,245025
2019-07-25,16200.0,16719.85,16187.75,16436.85,205968
2019-07-26,16443.9,17476.9,16327.2,17186.55,230056
2019-07-29,17000.0,17000.0,16340.0,16388.1,153107
2019-07-30,16490.0,16725.0,16009.25,16163.55,182198
2019-07-31,16252.0,16451.7,15976.6,16348.05,154864
2019-08-01,15950.0,16760.0,15786.0,16562.8,256828
2019-08-02,16150.0,17111.85,16133.3,16905.0,300344
2019-08-05,16872.0,16872.0,16340.05,16504.0,143439
2019-08-06,16410.0,17144.55,16410.0,17010.75,132160
2019-08-07,16816.0,17174.75,16340.0,16456.65,154054
2019-08-08,16660.0,16900.0,16293.2,16811.65,134147
2019-08-09,16730.15,17787.95,16730.15,17587.25,182889
2019-08-13,17600.0,17649.85,16547.75,16645.0,147466
2019-08-14,16995.0,16995.0,16401.15,16574.65,216106
2019-08-16,16600.0,16720.0,16183.4,16600.45,172899
2019-08-19,16800.0,16800.0,16292.6,16337.7,135047
2019-08-20,16437.7,16570.0,15830.0,15895.75,241464
2019-08-21,16060.0,16280.0,15909.4,16000.5,179743
2019-08-22,16005.0,16052.0,15480.05,15523.35,159623
2019-08-23,15530.0,15574.75,15265.15,15383.45,208325
2019-08-26,16099.0,16099.0,15200.0,15548.2,270132
2019-08-27,15580.05,16215.7,15511.0,15995.4,288433
2019-08-28,15999.8,16342.35,15825.25,16297.45,193318
2019-08-29,16299.0,16700.0,16137.65,16538.0,181398
2019-08-30,16563.8,16666.0,15967.05,16258.45,177460
2019-09-03,15971.0,15975.2,15681.6,15775.8,192668
2019-09-04,15805.0,15932.85,15530.0,15642.4,184477
2019-09-05,15749.0,15879.95,15541.15,15754.2,122640
2019-09-06,15815.65,16499.0,15731.7,16407.25,247513
2019-09-09,16198.6,16470.0,16026.5,16206.75,192593
2019-09-11,16211.3,17090.0,16211.3,17013.65,259782
2019-09-12,17040.0,17188.2,16521.5,16680.55,191955
2019-09-13,16750.0,16880.0,16450.0,16689.4,165514
2019-09-16,16580.0,16834.35,16351.0,16764.3,111996
2019-09-17,16800.0,16859.95,16071.95,16284.95,149879
2019-09-18,16500.0,16554.95,15842.0,16030.4,167775
2019-09-19,16100.0,16180.0,15630.0,15752.5,156027
2019-09-20,15875.9,19488.0,15760.0,17860.2,495416
2019-09-23,18400.0,19500.0,18400.0,19239.35,330720
2019-09-24,19490.0,19565.0,17955.0,18434.25,286010
2019-09-25,18350.0,18524.0,17405.0,17600.1,208549
2019-09-26,17710.1,18125.0,17530.55,17911.55,187046
2019-09-27,17701.0,18184.3,17550.0,17792.4,148012
2019-09-30,17800.0,18000.0,17366.45,17765.2,149957
2019-10-01,17960.0,18280.0,17594.0,17826.85,200842
2019-10-03,17825.0,18340.0,17723.1,18284.65,122882
2019-10-04,18450.0,18508.95,17857.45,17999.0,143155
2019-10-07,17934.95,18153.3,17654.65,18000.6,79460
2019-10-09,17950.05,18300.0,17833.1,18239.35,111285
2019-10-10,18195.0,18195.0,17851.75,18052.5,82354
2019-10-11,18091.0,18349.0,17900.0,18201.15,94699
2019-10-14,18100.0,18450.0,18080.0,18327.95,77467
2019-10-15,18310.0,19300.0,18285.0,19199.1,230411
2019-10-16,19188.0,19300.0,18902.6,19220.6,108475
2019-10-17,19500.0,20789.0,19455.0,20491.85,398637
2019-10-18,20600.0,20680.0,20065.1,20275.9,295066
2019-10-22,20276.0,20513.25,19855.0,19978.85,161392
2019-10-23,19976.0,20740.9,19779.0,20521.2,185473
2019-10-24,20640.0,21188.55,20521.15,21032.35,224848
2019-10-25,21150.0,21415.0,20950.05,21321.75,150522
2019-10-29,21323.65,22150.0,21323.65,22049.4,191047
2019-10-30,22250.0,22599.0,21600.0,22511.5,202269
2019-10-31,22545.0,22680.2,22301.0,22538.1,137654
2019-11-01,22587.0,22888.0,21900.05,21976.15,187025
2019-11-04,22240.0,22280.0,21560.0,21740.7,157014
2019-11-05,21750.0,21947.3,21230.5,21287.15,149412
2019-11-06,21370.0,21750.0,21034.15,21605.55,144445
2019-11-07,21670.0,21700.0,21171.15,21423.95,105586
2019-11-08,21250.0,22055.7,21200.0,21689.65,187411
2019-11-11,21640.0,21817.65,21310.05,21376.9,94416
2019-11-13,21370.0,21824.0,21200.0,21352.2,158907
2019-11-14,21500.0,21725.0,21355.0,21558.15,98083
2019-11-15,21850.0,21900.0,21241.3,21324.05,119533
2019-11-18,21429.0,21580.0,21250.0,21477.4,69466
2019-11-19,21600.0,21799.95,21424.2,21747.35,90606
2019-11-20,21747.0,21747.0,21395.0,21489.8,73575
2019-11-21,21550.0,21998.0,21450.0,21954.6,130374
2019-11-22,21766.3,22965.0,21600.0,22753.2,251227
2019-11-25,22760.0,23416.0,22760.0,23261.3,197138
2019-11-26,23349.8,23450.0,22727.0,22805.7,199734
2019-11-27,22990.8,23400.0,22872.4,23021.65,134019
2019-11-28,23165.5,23165.5,22905.0,23091.6,94321
2019-11-29,23052.0,23079.95,22650.0,22881.4,111578
2019-12-02,22715.0,22750.0,21640.45,21713.1,239978
2019-12-03,21713.0,21991.95,21222.0,21372.75,205408
2019-12-04,21325.75,21768.95,21135.0,21408.0,159741
2019-12-05,21690.0,21690.0,21325.0,21417.05,91191
2019-12-06,21500.0,21634.65,20665.0,20920.0,143206
2019-12-09,21000.0,21199.0,20869.1,20997.15,98482
2019-12-10,21128.0,21365.5,20952.95,21259.2,97976
2019-12-11,21258.95,21624.45,21002.2,21541.8,107518
2019-12-12,21581.7,22101.0,21581.7,21953.55,125476
2019-12-13,22008.45,22459.0,21836.75,22034.75,140133
2019-12-16,22172.45,22172.45,21600.0,21651.0,89030
2019-12-17,21666.0,21927.9,21626.05,21704.95,116065
2019-12-18,21750.0,21972.45,21416.0,21735.85,101443
2019-12-19,21760.1,22505.95,21709.05,22427.15,180976
2019-12-20,22351.0,22599.0,22090.75,22221.15,132679
2019-12-23,22120.1,22440.0,22000.0,22176.15,93994
2019-12-24,22199.6,22430.0,21764.45,21868.65,116227
2019-12-26,21990.0,22200.0,21901.1,22045.7,96481
2019-12-27,22183.45,22320.2,21902.0,22222.35,79756
2019-12-30,22270.05,22876.6,22180.45,22784.5,115846
2019-12-31,22780.0,22780.0,22386.75,22515.25,114268
2020-01-01,22515.25,22594.75,22001.0,22075.8,108648
2020-01-02,22090.0,22341.85,21471.1,21600.85,228582
2020-01-03,21650.0,21665.95,21110.0,21189.25,157297
2020-01-06,21100.0,21100.0,20739.5,20860.45,125871
2020-01-07,20950.0,21349.8,20713.8,20803.8,137152
2020-01-08,20700.0,20700.0,19800.1,19892.2,289286
2020-01-09,20238.0,20500.0,19860.0,20328.9,259287
2020-01-10,20330.0,20740.0,20250.2,20432.75,216926
2020-01-13,20600.0,20600.1,20063.2,20280.0,132092
2020-01-14,20270.0,20579.3,20255.0,20489.7,116226
2020-01-15,20440.0,20650.0,20300.0,20624.8,107956
2020-01-16,20699.0,21600.0,20650.0,21536.25,292195
2020-01-17,21509.05,21770.0,21103.55,21292.2,183485
2020-01-20,21380.0,21549.9,21005.0,21365.1,100593
2020-01-21,21358.0,21475.0,20970.3,21056.55,103236
2020-01-22,21160.0,21280.0,20944.0,21100.0,78681
2020-01-23,21070.0,21196.0,20780.5,20915.75,105958
2020-01-24,20980.0,21175.0,20800.0,20930.8,77075
2020-01-27,20850.0,21160.8,20775.0,21095.2,97108
2020-01-28,21227.0,21227.0,20875.0,21086.65,97277
2020-01-29,21236.0,21236.0,20100.0,20192.25,286925
2020-01-30,20200.0,20580.0,20200.0,20340.3,138559
2020-01-31,20450.0,20641.7,20211.0,20289.3,102123
2020-02-03,19547.3,20375.6,19511.65,19883.45,148637
2020-02-04,20000.0,20139.95,19450.0,19512.65,150092
2020-02-05,19712.0,19800.0,19356.1,19487.05,128333
2020-02-06,19625.0,20641.6,19261.0,20391.2,394575
2020-02-07,20500.0,20516.95,19666.7,19736.3,222415
2020-02-10,19855.0,19855.0,18790.0,19057.25,243747
2020-02-11,19250.0,19368.95,18945.0,19009.25,129553
2020-02-12,19000.0,19360.0,18925.8,19277.85,152837
2020-02-13,19271.0,19490.0,19170.8,19355.3,91963
2020-02-14,19270.0,19350.0,18505.0,18703.55,231872
2020-02-17,18900.0,18948.75,18450.1,18535.9,129268
2020-02-18,18500.0,18791.95,18339.6,18760.35,180650
2020-02-19,18905.0,19038.95,18710.6,18875.2,132267
2020-02-20,18869.9,19030.0,18544.5,18848.65,124982
2020-02-24,18700.0,18700.0,17800.1,17949.95,192821
2020-02-25,18135.0,18230.0,17321.0,17532.3,256831
2020-02-26,17430.0,17600.0,17035.4,17156.95,215113
2020-02-27,17167.8,17248.0,16906.1,17053.4,255481
2020-02-28,16697.0,16848.0,16317.05,16602.35,326455
2020-03-02,16666.0,17782.9,16643.0,17013.4,348370
2020-03-03,17500.0,18041.0,17400.0,17888.45,274740
2020-03-04,17954.0,18280.0,16870.0,17254.2,418609
2020-03-05,17450.0,17888.0,17161.8,17775.35,231375
2020-03-06,17350.0,17871.5,16822.0,17743.55,170791
2020-03-09,17099.0,17999.0,17045.15,17885.8,193226
2020-03-11,17885.8,18266.95,17517.0,17753.6,221910
2020-03-12,16999.8,17281.5,16700.0,16877.75,363555
2020-03-13,15900.0,18528.65,15202.0,17672.15,279403
2020-03-16,16874.9,17356.75,16360.0,16493.7,192498
2020-03-17,16710.0,17460.0,16600.05,17061.1,167538
2020-03-18,17110.1,17450.0,15828.15,15954.15,158921
2020-03-19,15150.0,16070.0,14853.05,15046.45,161182
2020-03-20,15394.5,15999.0,14465.65,15678.45,211335
2020-03-23,14351.0,17240.0,13326.7,13705.9,144338
2020-03-24,14000.0,14555.0,13880.0,14208.5,112701
2020-03-25,13705.0,14800.0,13705.0,14516.6,76118
2020-03-26,14630.0,15166.0,14500.0,14757.95,204893
2020-03-27,15243.0,15396.0,14000.0,14319.8,110635
2020-03-30,14098.0,14098.0,13100.0,13333.1,226309
2020-03-31,13659.0,13676.15,12950.0,13095.9,167266
2020-04-01,13095.9,13319.0,12725.0,13001.6,138722
2020-04-03,13060.0,13099.9,12600.0,12680.05,180698
2020-04-07,13070.8,13212.0,12450.1,13096.05,240565
2020-04-08,13000.0,13650.0,12800.0,13158.5,279999
2020-04-09,13400.0,14046.15,13162.6,13742.3,361881
2020-04-13,13730.0,13730.0,13305.0,13400.55,126622
2020-04-15,13600.0,13871.95,13122.7,13314.9,275594
2020-04-16,13315.0,13533.85,13042.0,13371.35,250147
2020-04-17,13760.0,14977.95,13619.0,14770.35,565684
2020-04-20,14770.35,14800.35,14060.3,14214.45,299977
2020-04-21,13955.15,13985.0,13450.0,13495.0,165660
2020-04-22,13495.0,13944.95,13200.0,13703.3,276577
2020-04-23,13800.0,14250.0,13710.0,14068.35,207269
2020-04-24,14068.0,14091.0,13505.1,13589.2,179944
2020-04-27,13902.0,14200.0,13814.9,13999.5,183617
2020-04-28,14110.0,14385.0,14100.5,14326.85,184694
2020-04-29,14409.9,14450.0,14125.55,14315.75,147741
2020-04-30,14580.2,14900.0,14402.0,14707.95,347244
2020-05-04,14390.0,14390.0,13614.35,13748.8,192447
2020-05-05,14000.0,14162.9,13666.0,13810.95,152490
2020-05-06,13825.0,14175.4,13600.0,13859.95,187127
2020-05-07,13859.95,14105.0,13712.9,14010.5,127050
2020-05-08,14230.8,14330.8,13571.0,13858.85,164334
2020-05-11,14059.95,14550.0,14000.0,14288.95,195825
2020-05-12,14240.0,14269.45,13789.0,14167.05,147905
2020-05-13,14970.0,14970.0,14184.7,14271.65,252967
2020-05-14,14120.0,14270.15,13980.0,14031.85,148178
2020-05-15,14080.0,14199.0,13650.0,14099.6,235025
2020-05-18,14050.2,14050.2,12855.45,12988.2,275273
2020-05-19,13300.0,13346.3,12875.05,12966.2,250697
2020-05-20,12966.2,13800.0,12868.0,13675.1,266549
2020-05-21,13477.0,14199.0,13356.1,14087.6,322204
2020-05-22,13901.0,14097.95,13700.0,13922.4,183699
2020-05-26,14105.0,14875.0,14065.0,14805.1,319135
2020-05-27,14880.0,15120.0,14505.0,14966.95,301788
2020-05-28,15120.0,16430.0,15048.0,16236.5,815427
2020-05-29,15903.0,16996.95,15801.0,16548.45,850407
2020-06-01,16900.0,17380.0,16801.3,16985.75,464314
2020-06-02,17200.0,17500.0,17000.0,17396.25,396819
2020-06-03,17900.0,17900.0,17400.05,17542.85,285094
2020-06-04,17475.0,17700.0,17054.8,17272.95,303786
2020-06-05,17450.0,17620.0,17310.1,17495.35,195071
2020-06-08,17850.0,17865.45,16790.0,16894.85,273538
2020-06-09,16950.0,17348.1,16652.8,17026.85,325275
2020-06-10,17026.85,17269.6,16927.1,17090.05,162649
2020-06-11,17090.05,17250.0,16286.75,16442.8,219010
2020-06-12,15600.0,16989.75,15591.1,16857.3,379668
2020-06-15,16599.95,17351.0,16276.1,16481.95,536518
2020-06-16,17000.0,17000.0,16382.1,16709.05,357786
2020-06-17,16800.0,16960.0,16550.0,16796.85,252212
2020-06-18,16788.5,17180.0,16610.1,17116.05,208953
2020-06-19,17200.0,17550.0,16880.0,17349.35,311932
2020-06-22,17349.35,17794.75,17217.25,17588.95,234247
2020-06-23,17610.0,18000.0,17610.0,17891.15,206418
2020-06-24,18100.0,18490.0,17850.05,18436.85,338392
2020-06-25,18374.95,18374.95,17920.0,18090.7,276829
2020-06-26,18290.0,18551.1,18097.0,18473.4,224886
2020-06-29,18377.45,18470.0,18020.0,18113.5,194842
2020-06-30,18250.0,18530.0,18201.0,18334.3,200946
2020-07-01,18540.0,18649.55,18301.0,18401.95,233486
2020-07-02,18401.95,18548.95,17970.0,18353.6,276568
2020-07-03,18353.6,19249.0,18353.6,18983.5,250716
2020-07-06,19670.0,19670.0,19071.8,19250.95,283394
2020-07-07,19250.95,20055.5,19250.0,19930.65,287280
2020-07-08,19930.65,20100.0,19311.35,19391.7,356865
2020-07-09,19570.0,19650.0,19298.65,19483.25,274201
2020-07-10,19500.0,19745.0,19350.0,19447.85,204423
2020-07-14,19655.0,19659.6,18694.55,18850.15,247507
2020-07-15,19010.0,19199.0,18465.0,18562.55,282360
2020-07-16,18600.0,19039.0,18325.0,18639.55,265455
2020-07-17,18710.0,19123.0,18651.45,18810.8,167217
2020-07-20,18950.0,19280.0,18767.0,19187.65,160448
2020-07-21,19292.05,20287.0,19292.05,20116.65,368707
2020-07-22,20240.0,20300.0,19742.0,19890.55,335787
2020-07-23,19880.0,21045.35,19760.15,20882.45,446062
2020-07-24,20200.0,20871.0,20200.0,20800.35,394791
2020-07-27,20800.35,20850.0,20400.0,20537.7,192291
2020-07-28,20559.7,21168.2,20550.0,21053.25,262289
2020-07-29,20999.0,21550.0,20900.25,21400.95,226482
2020-07-30,21450.0,21725.0,21031.4,21201.35,246443
2020-07-31,21441.35,21486.6,20567.0,20638.7,219061
2020-08-03,20725.0,21294.0,20653.2,20782.15,201858
2020-08-04,21045.0,21274.95,20800.0,21015.65,155761
2020-08-05,21210.85,22268.3,21160.0,21958.75,238092
2020-08-06,21959.55,22099.95,21558.75,21681.3,203524
2020-08-07,21700.0,22142.85,21560.0,21807.35,195290
2020-08-10,21898.0,21999.0,21240.0,21353.1,168209
2020-08-11,21580.0,21670.0,21250.0,21442.65,161910
2020-08-12,21699.95,22339.95,21500.0,22116.65,298667
2020-08-13,22116.65,22299.95,21555.15,21672.95,220374
2020-08-14,21698.0,21750.15,20066.65,20144.15,591945
2020-08-17,20472.0,21340.1,20144.15,21134.7,653394
2020-08-18,21115.7,21669.6,21071.35,21404.7,339691
2020-08-19,21550.0,21781.0,21165.0,21261.35,285484
2020-08-20,21200.0,21530.0,20900.0,21371.35,224320
2020-08-21,21700.0,21844.0,21480.0,21702.4,261318
2020-08-24,2199.45,2387.25,2151.7,2176.45,11491732
2020-08-25,2214.0,2250.0,2182.15,2217.25,4757114
2020-08-26,2280.05,2288.0,2235.0,2248.85,2439450
2020-08-27,2249.75,2255.0,2215.0,2236.35,1370440
2020-08-28,2240.0,2256.0,2200.0,2213.6,1470743
2020-08-31,2225.0,2229.0,2072.75,2092.0,3087539
2020-09-01,2110.0,2174.0,2106.0,2131.1,2255678
2020-09-02,2131.1,2187.65,2101.4,2169.85,1972535
2020-09-03,2175.0,2260.0,2162.5,2231.15,2577069
2020-09-04,2167.0,2226.0,2165.0,2180.85,1516060
2020-09-07,2205.0,2215.0,2156.0,2192.9,1354394
2020-09-08,2203.9,2217.0,2150.0,2161.5,1180325
2020-09-09,2139.9,2190.8,2125.65,2176.95,1357709
2020-09-10,2196.95,2198.0,2152.6,2175.6,948270
2020-09-11,2165.0,2178.7,2140.1,2160.3,1143870
2020-09-14,2165.0,2198.0,2148.3,2159.4,1180377
2020-09-15,2159.4,2170.3,2120.0,2140.6,1264201
2020-09-16,2155.0,2187.85,2145.0,2163.75,1031516
2020-09-17,2146.0,2161.95,2125.0,2145.45,768952
2020-09-18,2160.0,2203.8,2135.2,2152.95,1310103
2020-09-21,2153.05,2160.9,2088.1,2102.95,1944478
2020-09-22,2104.0,2122.15,2033.65,2064.35,1519039
2020-09-23,2084.95,2126.85,2050.0,2076.8,1353997
2020-09-24,2052.45,2079.0,2023.0,2034.45,1346278
2020-09-25,2063.9,2135.0,2050.0,2117.5,1532715
2020-09-28,2135.0,2209.0,2128.0,2180.95,1138015
2020-09-29,2190.0,2218.5,2180.0,2198.5,1337341
2020-09-30,2204.9,2221.0,2185.65,2202.8,925938
2020-10-01,2190.0,2230.0,2180.85,2197.65,999891
2020-10-05,2210.65,2225.0,2182.2,2210.15,930509
2020-10-06,2223.8,2235.0,2176.1,2197.6,2754316
2020-10-07,2208.0,2255.0,2170.0,2238.0,1517302
2020-10-08,2253.0,2256.8,2175.0,2208.8,1515393
2020-10-09,2211.2,2234.7,2196.65,2217.95,1207911
2020-10-12,2233.0,2233.0,2171.15,2181.35,1098858
2020-10-13,2184.25,2235.0,2178.35,2219.55,1587482
2020-10-14,2201.2,2266.9,2190.0,2253.9,1358100
2020-10-15,2252.05,2303.0,2226.05,2248.6,1900931
2020-10-16,2244.0,2285.0,2244.0,2269.9,816001
2020-10-19,2280.0,2280.0,2185.2,2198.15,1263185
2020-10-20,2210.0,2235.0,2190.0,2194.45,976231
2020-10-21,2212.3,2222.5,2143.1,2181.35,1308299
2020-10-22,2178.9,2178.9,2140.0,2159.45,1021353
2020-10-23,2162.0,2198.5,2160.0,2181.9,1153578
2020-10-26,2188.0,2214.65,2091.15,2108.1,1551460
2020-10-27,2115.0,2134.9,2081.0,2118.25,1019769
2020-10-28,2125.45,2146.35,2100.5,2135.0,1041016
2020-10-29,2130.0,2145.0,2100.05,2136.85,834125
2020-10-30,2123.2,2147.4,2070.55,2085.6,1013513
2020-11-02,2079.8,2096.1,2015.2,2029.65,1131510
2020-11-03,2038.0,2115.0,2038.0,2095.0,1939408
2020-11-04,2093.0,2124.95,2070.0,2097.4,1114904
2020-11-05,2122.0,2142.2,2103.0,2119.8,828400
2020-11-06,2128.0,2153.95,2112.0,2139.05,996379
2020-11-09,2153.0,2201.95,2142.0,2192.85,1129889
2020-11-10,2212.0,2257.45,2192.2,2234.85,986762
2020-11-11,2234.85,2333.0,2221.7,2326.7,2127849
2020-11-12,2326.0,2368.5,2302.0,2350.75,1905794
2020-11-13,2318.0,2574.4,2317.5,2514.6,9475210
2020-11-17,2540.55,2564.0,2491.15,2541.7,2112263
2020-11-18,2526.0,2630.0,2513.7,2614.15,1880217
2020-11-19,2566.1,2658.0,2538.5,2551.25,2433481
2020-11-20,2565.0,2600.0,2542.3,2590.65,1394396
2020-11-23,2595.55,2606.55,2560.0,2597.35,823238
2020-11-24,2596.0,2715.0,2590.1,2693.3,2418981
2020-11-25,2696.0,2727.0,2581.25,2595.1,1758420
2020-11-26,2610.0,2613.0,2522.5,2549.2,2083338
2020-11-27,2566.0,2618.0,2515.1,2534.65,2597507
2020-12-01,2559.95,2584.9,2525.0,2532.7,1227343
2020-12-02,2528.0,2549.9,2507.0,2532.5,1293136
2020-12-03,2555.0,2580.0,2535.0,2549.5,1073359
2020-12-04,2564.8,2597.7,2532.5,2553.5,1140298
2020-12-07,2553.5,2573.55,2540.0,2561.15,723083
2020-12-08,2561.15,2609.0,2515.35,2548.2,1303426
2020-12-09,2551.1,2560.65,2530.1,2547.25,954150
2020-12-10,2558.0,2558.0,2487.1,2492.65,1106304
2020-12-11,2492.65,2507.95,2451.85,2470.8,1488286
2020-12-14,2465.0,2465.0,2392.3,2400.45,2480823
2020-12-15,2410.8,2488.0,2409.5,2475.2,2907490
2020-12-16,2500.0,2506.45,2446.0,2470.1,1462297
2020-12-17,2471.7,2495.0,2440.0,2466.6,1059879
2020-12-18,2459.0,2490.0,2425.2,2480.95,849960
2020-12-21,2460.0,2497.35,2340.6,2396.4,1194154
2020-12-22,2400.0,2464.0,2382.45,2446.7,1197777
2020-12-23,2446.0,2474.95,2417.0,2446.7,954704
2020-12-24,2459.0,2474.0,2427.5,2436.75,599386
2020-12-28,2441.1,2462.0,2425.55,2451.35,711668
2020-12-29,2455.0,2503.0,2435.85,2460.55,1955329
2020-12-30,2479.0,2525.0,2454.35,2517.35,2429452
2020-12-31,2530.0,2547.35,2485.1,2530.9,1763710
2021-01-01,2531.0,2555.0,2515.8,2542.7,914818
2021-01-04,2591.0,2670.0,2580.0,2655.7,3287511
2021-01-05,2630.0,2685.0,2616.0,2674.9,1494362
2021-01-06,2668.0,2672.0,2610.0,2645.35,949386
2021-01-07,2660.0,2715.65,2640.75,2649.8,1250528
2021-01-08,2661.0,2771.3,2661.0,2760.85,2585123
2021-01-11,2767.0,2808.65,2726.7,2777.15,1616318
2021-01-12,2777.2,2949.0,2777.2,2881.65,4829997
2021-01-13,2869.5,2910.4,2836.65,2868.65,1878124
2021-01-14,2880.0,2906.95,2841.0,2886.6,1159961
2021-01-15,2880.0,2902.0,2840.0,2857.3,882692
2021-01-18,2853.15,2912.7,2815.0,2873.0,2069601
2021-01-19,2888.0,2929.0,2852.15,2883.5,1447495
2021-01-20,2887.2,2964.0,2865.65,2881.55,1760329
2021-01-21,2896.0,2955.0,2895.05,2926.6,1451173
2021-01-22,2900.0,3037.0,2900.0,2972.6,3091826
2021-01-25,3029.95,3029.95,2851.25,2869.55,2024082
2021-01-27,2899.95,2932.4,2769.5,2789.9,2574644
2021-01-28,2780.0,2830.0,2738.35,2798.45,1430646
2021-01-29,2812.4,2870.45,2726.95,2744.3,2067268
2021-02-01,2777.0,2868.05,2698.55,2842.85,1847361
2021-02-02,2920.0,2920.0,2825.95,2904.85,2125895
2021-02-03,2904.85,2948.0,2871.5,2916.9,1349528
2021-02-04,2900.9,2978.0,2881.0,2963.45,1259327
2021-02-05,2973.2,2990.0,2905.2,2932.15,915838
2021-02-08,2934.0,2986.0,2930.1,2970.4,654484
2021-02-09,2993.3,3018.0,2936.05,2947.65,1127584
2021-02-10,2968.0,2998.9,2876.75,2901.3,2160932
2021-02-11,2750.0,2840.8,2701.3,2818.15,4481414
2021-02-12,2840.0,2844.95,2765.05,2781.25,1907486
2021-02-15,2796.0,2809.0,2758.0,2770.05,930514
2021-02-16,2770.05,2778.15,2692.45,2726.95,1525475
2021-02-17,2720.0,2745.0,2685.0,2695.5,1491311
2021-02-18,2701.1,2712.85,2625.0,2650.2,1924724
2021-02-19,2646.0,2647.9,2570.0,2584.65,1588781
2021-02-22,2586.1,2590.0,2450.0,2482.35,2189183
2021-02-23,2476.2,2549.8,2456.85,2514.7,1821712
2021-02-24,2530.05,2562.85,2500.0,2535.8,807585
2021-02-25,2555.0,2558.95,2517.0,2551.95,1351820
2021-02-26,2529.7,2546.95,2463.65,2498.6,1695786
2021-03-01,2523.0,2568.9,2497.15,2556.15,1283153
2021-03-02,2584.0,2611.0,2530.0,2602.3,1491743
2021-03-03,2605.8,2626.85,2571.1,2599.05,1289447
2021-03-04,2570.0,2633.0,2545.35,2593.2,1353079
2021-03-05,2584.8,2634.2,2560.0,2587.75,1153319
2021-03-08,2600.65,2643.5,2575.0,2583.25,950809
2021-03-09,2600.0,2618.3,2573.0,2592.7,677915
2021-03-10,2600.0,2687.0,2598.9,2672.3,1977416
2021-03-12,2699.0,2699.0,2610.1,2637.5,1109504
2021-03-15,2640.6,2683.5,2585.35,2669.45,839738
2021-03-16,2652.45,2683.65,2626.0,2661.05,654829
2021-03-17,2667.05,2668.9,2630.05,2647.0,634977
2021-03-18,2665.6,2697.95,2635.0,2664.6,1066000
2021-03-19,2644.0,2677.0,2600.0,2661.5,906718
2021-03-22,2668.0,2692.0,2650.05,2676.85,694227
2021-03-23,2679.0,2716.0,2666.0,2702.75,1134037
2021-03-24,2700.0,2706.5,2629.05,2660.65,1149589
2021-03-25,2635.55,2651.0,2548.0,2580.45,1119611
2021-03-26,2620.0,2620.95,2551.05,2560.55,676278
2021-03-30,2574.0,2653.7,2561.35,2639.95,980341
2021-03-31,2635.0,2648.7,2580.1,2603.95,829495
2021-04-01,2610.8,2649.0,2588.85,2631.15,744423
2021-04-05,2596.0,2603.0,2507.0,2517.2,1205767
2021-04-06,2534.8,2553.0,2478.05,2486.6,916830
2021-04-07,2500.0,2547.2,2490.0,2538.2,684434
2021-04-08,2558.5,2595.0,2548.0,2553.0,760845
2021-04-09,2550.0,2575.0,2515.0,2521.6,719036
2021-04-12,2490.0,2510.0,2395.15,2427.2,1050225
2021-04-13,2427.2,2504.95,2420.2,2493.85,720904
2021-04-15,2475.0,2489.9,2378.0,2412.6,1979939
2021-04-16,2415.0,2469.9,2415.0,2434.85,789681
2021-04-19,2375.0,2386.0,2318.1,2370.35,882318
2021-04-20,2399.85,2404.45,2318.9,2340.0,1040931
2021-04-22,2326.8,2348.1,2303.7,2337.85,834721
2021-04-23,2310.0,2357.15,2304.1,2317.3,962271
2021-04-26,2329.5,2376.15,2329.5,2369.85,1330072
2021-04-27,2369.85,2407.0,2366.7,2400.1,523800
2021-04-28,2428.0,2540.0,2410.15,2521.2,1681975
2021-04-29,2526.0,2547.25,2452.9,2462.9,1170842
2021-04-30,2442.0,2470.25,2414.0,2421.65,646257
2021-05-03,2382.5,2416.25,2367.5,2396.25,461085
2021-05-04,2398.4,2416.85,2356.1,2368.0,623484
2021-05-05,2377.0,2387.2,2356.55,2372.4,382620
2021-05-06,2384.8,2447.95,2377.0,2443.25,628779
2021-05-07,2450.0,2457.05,2403.1,2417.15,464237
2021-05-10,2427.15,2450.0,2417.55,2447.25,350564
2021-05-11,2410.5,2477.9,2410.5,2471.2,500446
2021-05-12,2464.0,2485.0,2438.15,2456.45,334233
2021-05-14,2455.2,2457.6,2400.0,2415.2,429170
2021-05-17,2417.0,2489.95,2410.05,2484.35,577279
2021-05-18,2500.0,2583.9,2492.6,2571.85,1022419
2021-05-19,2550.0,2615.0,2540.35,2564.7,1086010
2021-05-20,2565.0,2582.0,2521.2,2530.6,509274
2021-05-21,2550.0,2559.5,2513.55,2522.3,743110
2021-05-24,2541.0,2579.0,2526.6,2551.2,850202
2021-05-25,2565.0,2634.0,2565.0,2625.05,1018896
2021-05-26,2640.0,2656.15,2607.05,2633.5,1026040
2021-05-27,2649.0,2677.0,2589.15,2604.05,1507004
2021-05-28,2630.0,2710.0,2626.1,2638.45,2284342
2021-05-31,2638.45,2686.0,2615.4,2676.15,838679
2021-06-01,2610.0,2704.0,2610.0,2665.8,1126551
2021-06-02,2645.55,2694.0,2638.1,2677.75,659428
2021-06-03,2680.2,2774.5,2678.05,2767.75,1265747
2021-06-04,2767.45,2775.0,2724.1,2744.6,621362
2021-06-07,2750.25,2797.9,2745.1,2754.45,602326
2021-06-08,2765.0,2779.0,2745.0,2763.8,441932
2021-06-09,2766.2,2774.45,2718.1,2729.05,471760
2021-06-10,2729.05,2755.0,2691.0,2705.05,571287
2021-06-11,2721.4,2752.55,2710.85,2746.4,596669
2021-06-14,2740.0,2771.85,2711.0,2744.95,525550
2021-06-15,2745.0,2787.05,2740.65,2763.5,646742
2021-06-16,2751.0,2777.65,2724.3,2741.05,312868
2021-06-17,2720.0,2772.9,2664.7,2673.75,701970
2021-06-18,2673.9,2715.0,2644.2,2707.55,649498
2021-06-21,2662.0,2742.0,2662.0,2698.45,528922
2021-06-22,2700.0,2759.35,2698.0,2718.2,477522
2021-06-23,2721.0,2763.0,2708.6,2728.6,432919
2021-06-24,2728.6,2735.0,2694.0,2706.75,402741
2021-06-28,2723.5,2752.95,2712.6,2740.45,243077
2021-06-29,2740.0,2749.0,2700.0,2705.1,290136
2021-06-30,2707.55,2725.0,2665.15,2671.15,391735
2021-07-01,2680.0,2709.0,2667.9,2675.3,463026
2021-07-02,2674.0,2691.1,2642.0,2661.0,621222
2021-07-05,2675.65,2720.0,2671.15,2701.05,489159
2021-07-06,2704.0,2731.15,2693.45,2711.15,331769
2021-07-07,2716.55,2738.9,2696.8,2710.85,517132
2021-07-08,2705.1,2737.0,2705.1,2729.3,509968
2021-07-09,2740.0,2765.0,2686.05,2712.15,971880
2021-07-12,2720.0,2743.95,2705.0,2709.5,273843
2021-07-13,2725.0,2744.85,2700.0,2706.7,488409
2021-07-14,2709.45,2714.0,2687.6,2700.0,830881
2021-07-15,2710.0,2711.35,2652.0,2667.5,730937
2021-07-16,2667.5,2671.3,2607.8,2617.25,1037591
2021-07-19,2609.0,2617.25,2571.0,2579.75,561172
2021-07-20,2580.0,2601.0,2537.65,2554.85,890122
2021-07-22,2584.95,2584.95,2529.0,2560.1,1321161
2021-07-23,2565.95,2578.0,2542.0,2549.65,379798
2021-07-26,2544.8,2585.0,2540.0,2563.2,309303
2021-07-27,2566.1,2598.0,2542.65,2571.35,492846
2021-07-28,2576.5,2576.5,2523.0,2550.4,383896
2021-07-29,2550.0,2559.95,2518.0,2528.15,341346
2021-07-30,2528.15,2563.7,2509.0,2530.25,606230
2021-08-02,2558.8,2615.0,2535.3,2602.6,691444
2021-08-03,2609.8,2654.9,2587.1,2649.3,678468
2021-08-04,2658.0,2679.7,2635.5,2641.8,548192
2021-08-05,2650.0,2757.0,2642.0,2732.15,2173169
2021-08-06,2734.7,2759.35,2734.7,2747.35,799082
2021-08-09,2746.0,2768.75,2717.0,2729.0,516622
2021-08-10,2729.05,2754.0,2709.1,2734.35,733892
2021-08-11,2735.55,2750.0,2698.0,2718.25,361517
2021-08-12,2734.0,2739.9,2601.0,2616.55,2248827
2021-08-13,2575.0,2628.9,2523.25,2546.8,4134045
2021-08-16,2554.0,2556.55,2482.0,2495.85,1022752
2021-08-17,2494.0,2540.0,2471.2,2515.65,1298630
2021-08-18,2526.0,2599.0,2526.0,2589.65,1901521
2021-08-20,2540.0,2631.8,2521.25,2601.65,2187864
2021-08-23,2620.0,2622.45,2535.0,2544.0,1271399
2021-08-24,2557.4,2575.0,2518.0,2547.9,1277071
2021-08-25,2559.0,2583.25,2541.2,2579.5,721584
2021-08-26,2564.5,2585.0,2546.5,2578.75,440543
2021-08-27,2570.2,2586.6,2547.6,2576.1,541875
2021-08-30,2580.7,2608.2,2545.8,2553.95,926194
2021-08-31,2554.0,2697.9,2545.0,2679.25,2381821
2021-09-01,2680.0,2767.0,2662.05,2703.15,1997385
2021-09-02,2703.0,2747.8,2686.55,2733.2,898434
2021-09-03,2738.65,2857.0,2713.0,2802.6,2305890
2021-09-06,2802.6,2888.0,2802.6,2844.9,1197932
2021-09-07,2844.9,2880.0,2806.0,2823.15,545226
2021-09-08,2803.1,2823.15,2762.25,2800.0,616049
2021-09-09,2798.0,2832.95,2772.0,2818.2,456149
2021-09-13,2815.0,2815.0,2777.05,2805.0,287427
2021-09-14,2818.8,2870.0,2809.65,2820.3,672701
2021-09-15,2820.3,2851.95,2801.2,2841.95,412751
2021-09-16,2868.0,2883.4,2843.55,2860.2,570872
2021-09-17,2865.3,2934.95,2864.3,2898.55,1375879
2021-09-20,2856.1,2858.55,2756.65,2813.0,1190719
2021-09-21,2810.0,2859.9,2788.8,2854.4,595121
2021-09-22,2860.0,2879.5,2825.0,2842.85,424342
2021-09-23,2851.6,2876.7,2843.4,2857.05,452680
2021-09-24,2861.5,2948.05,2861.5,2931.0,806905
2021-09-27,2965.0,2994.0,2868.35,2879.35,1331462
2021-09-29,2870.0,2890.0,2835.0,2843.25,386614
2021-09-30,2843.0,2846.85,2771.55,2790.2,861344
2021-10-01,2787.0,2794.1,2752.2,2772.45,411006
2021-10-04,2760.0,2771.0,2708.0,2745.9,874865
2021-10-05,2730.0,2789.0,2729.05,2760.1,452282
2021-10-06,2770.0,2783.5,2713.6,2728.95,589264
2021-10-07,2755.0,2858.9,2746.1,2820.95,897524
2021-10-08,2840.0,2872.95,2814.5,2817.95,572893
2021-10-12,2860.0,2933.4,2852.05,2909.6,786357
2021-10-14,2905.0,2923.55,2845.0,2853.2,497012
2021-10-18,2881.0,2881.0,2812.85,2826.35,360160
2021-10-21,2677.0,2698.0,2596.4,2663.35,816204
2021-10-25,2602.5,2624.15,2532.0,2561.75,457696
2021-10-26,2579.9,2613.0,2571.95,2590.25,677512
2021-10-27,2592.0,2611.5,2572.15,2583.9,430370
2021-10-28,2583.9,2589.95,2518.75,2527.5,1332301
2021-10-29,2530.0,2530.0,2471.55,2484.8,1628906
2021-11-03,2540.3,2560.0,2505.2,2521.85,930846
2021-11-04,2580.0,2696.25,2551.0,2661.6,1389327
2021-11-08,2724.75,2777.0,2680.95,2711.25,3081804
2021-11-09,2701.2,2743.55,2700.7,2724.25,726392
2021-11-10,2720.0,2765.55,2710.0,2746.75,861635
2021-11-11,2730.0,2742.9,2686.45,2704.35,533140
2021-11-12,2725.0,2741.35,2697.55,2723.0,879209
2021-11-15,2715.0,2770.0,2679.35,2684.35,686532
2021-11-16,2684.4,2739.15,2650.05,2710.3,1233796
2021-11-17,2729.95,2749.55,2662.95,2674.2,848875
2021-11-18,2675.0,2698.65,2575.0,2603.3,823299
2021-11-22,2600.0,2603.0,2516.9,2548.05,1013413
2021-11-23,2536.0,2610.95,2505.7,2599.2,611137
2021-11-24,2599.2,2617.95,2525.0,2536.95,455215
2021-11-25,2545.0,2545.0,2497.05,2520.4,525539
2021-11-26,2495.0,2506.1,2421.5,2433.9,554629
2021-11-29,2433.9,2447.6,2365.3,2413.4,342547
2021-11-30,2415.8,2447.0,2360.0,2370.45,1101715
2021-12-01,2410.0,2482.45,2385.05,2438.3,1691658
2021-12-02,2440.0,2463.55,2426.8,2451.55,363180
2021-12-03,2450.0,2497.15,2445.05,2455.55,659154
2021-12-06,2460.0,2471.85,2424.05,2444.1,537938
2021-12-07,2455.1,2488.75,2441.2,2471.8,262328
2021-12-08,2465.0,2516.95,2465.0,2505.55,404128
2021-12-09,2505.55,2550.1,2475.0,2542.95,831115
2021-12-10,2532.2,2552.0,2516.5,2527.65,325670
2021-12-13,2554.9,2557.6,2481.0,2496.7,403776
2021-12-14,2477.0,2492.35,2451.0,2487.45,395362
2021-12-15,2480.0,2508.15,2475.0,2493.35,314822
2021-12-16,2502.0,2509.55,2431.2,2471.15,680394
2021-12-17,2466.0,2491.0,2415.05,2459.0,670901
2021-12-21,2417.0,2437.85,2390.15,2416.65,333858
2021-12-22,2425.0,2495.0,2425.0,2486.85,625661
2021-12-23,2500.0,2503.95,2470.25,2480.25,326496
2021-12-24,2485.2,2504.75,2432.25,2437.9,265892
2021-12-27,2446.0,2448.25,2390.65,2438.95,345113
2021-12-28,2456.65,2519.35,2452.0,2480.4,632949
2021-12-29,2471.0,2571.7,2470.0,2562.25,693263
2021-12-30,2562.25,2591.8,2540.2,2557.0,797282
2021-12-31,2558.0,2604.2,2548.55,2591.9,406763
2022-01-03,2620.1,2733.6,2620.1,2718.8,2457647
2022-01-04,2715.0,2724.9,2685.5,2705.0,736616
2022-01-05,2691.0,2790.0,2691.0,2778.6,1040082
2022-01-06,2748.0,2828.45,2720.0,2817.15,1056323
2022-01-07,2825.0,2833.6,2784.75,2824.4,572036
2022-01-10,2820.05,2851.0,2798.75,2815.5,493242
2022-01-12,2802.0,2828.9,2790.05,2815.9,440995
2022-01-13,2810.15,2838.0,2794.5,2832.7,266122
2022-01-14,2838.0,2845.0,2798.75,2819.7,324014
2022-01-17,2804.0,2880.0,2804.0,2844.3,680219
2022-01-18,2859.3,2859.3,2725.0,2736.25,1221493
2022-01-19,2736.25,2746.8,2685.45,2718.7,769880
2022-01-20,2725.0,2756.0,2712.1,2733.8,521734
2022-01-21,2723.5,2754.0,2668.2,2711.1,459191
2022-01-24,2695.2,2729.15,2621.5,2656.4,465912
2022-01-25,2622.1,2708.95,2593.65,2692.0,687092
2022-01-28,2655.2,2747.0,2598.9,2610.95,871638
2022-01-31,2644.9,2681.0,2632.9,2645.5,416447
2022-02-01,2658.7,2684.5,2596.65,2622.2,671852
2022-02-02,2622.2,2722.55,2622.2,2669.75,1042951
2022-02-03,2675.1,2709.85,2640.0,2670.85,664625
2022-02-04,2676.15,2677.9,2616.0,2631.4,380540
2022-02-07,2631.5,2646.1,2561.7,2601.35,448637
2022-02-08,2615.0,2645.0,2581.7,2589.15,386391
2022-02-09,2598.95,2636.9,2587.35,2625.65,677550
2022-02-10,2625.8,2664.0,2615.55,2640.35,558179
2022-02-11,2625.0,2625.4,2582.35,2598.15,731373
2022-02-14,2565.0,2597.7,2500.35,2570.8,675126
2022-02-15,2540.0,2738.0,2488.45,2724.0,2216629
2022-02-16,2708.0,2738.4,2680.1,2706.45,804882
2022-02-17,2729.95,2762.75,2700.1,2722.75,572432
2022-02-18,2703.2,2739.7,2688.0,2699.25,311304
2022-02-21,2688.0,2718.85,2668.5,2699.0,273281
2022-02-22,2630.0,2730.0,2620.05,2725.5,575201
2022-02-23,2733.9,2748.5,2697.9,2706.65,479284
2022-02-25,2635.2,2675.0,2612.5,2628.4,515028
2022-02-28,2600.0,2614.95,2542.75,2589.8,815191
2022-03-02,2574.8,2579.0,2496.25,2508.1,630235
2022-03-03,2539.0,2539.0,2401.35,2409.5,558686
2022-03-04,2400.0,2400.9,2300.0,2339.25,862528
2022-03-08,2251.0,2264.45,2159.55,2256.05,1533255
2022-03-09,2275.0,2308.35,2219.0,2293.05,1577642
2022-03-10,2375.0,2393.45,2291.75,2303.0,1021481
2022-03-11,2290.0,2315.0,2255.15,2290.75,621070
2022-03-14,2290.0,2320.75,2235.8,2313.55,681806
2022-03-15,2320.0,2354.95,2280.1,2305.25,611025
2022-03-16,2338.7,2373.85,2322.4,2357.9,758341
2022-03-17,2378.9,2463.0,2375.3,2436.95,1229513
2022-03-21,2448.95,2448.95,2372.0,2378.75,480116
2022-03-22,2378.75,2404.8,2329.0,2380.4,661123
2022-03-23,2393.0,2413.7,2363.0,2394.1,439287
2022-03-24,2385.0,2388.2,2350.0,2369.65,568611
2022-03-25,2385.0,2389.85,2325.05,2336.85,446420
2022-03-28,2350.0,2386.65,2315.2,2380.0,690955
2022-03-29,2378.5,2492.95,2360.05,2480.5,1317033
2022-03-30,2488.1,2518.2,2444.45,2486.55,1198770
2022-03-31,2483.85,2495.0,2436.35,2457.15,840572
2022-04-01,2457.15,2494.75,2422.0,2481.2,745769
2022-04-04,2495.0,2518.1,2455.55,2508.95,660191
2022-04-05,2525.0,2600.0,2510.0,2543.45,1240010
2022-04-06,2531.0,2555.45,2522.05,2530.7,469837
2022-04-07,2523.0,2577.9,2512.0,2538.4,451071
2022-04-08,2548.0,2573.85,2515.6,2555.2,800707
2022-04-11,2549.9,2565.0,2540.0,2545.6,332108
2022-04-12,2534.0,2537.6,2496.05,2521.8,359805
2022-04-13,2530.0,2555.0,2479.55,2491.45,383935
2022-04-18,2480.0,2531.1,2456.15,2511.0,322926
2022-04-19,2516.0,2574.9,2421.1,2454.85,636517
2022-04-20,2480.0,2578.5,2465.4,2536.8,1193877
2022-04-21,2550.0,2674.45,2541.7,2651.5,1090334
2022-04-22,2630.95,2637.0,2582.0,2631.5,829575
2022-04-25,2610.0,2650.0,2580.0,2594.15,630796
2022-04-26,2613.0,2665.55,2613.0,2649.3,616251
2022-04-27,2625.0,2672.95,2605.0,2655.45,499338
2022-04-28,2683.95,2704.0,2666.0,2679.95,739026
2022-04-29,2684.0,2707.65,2620.0,2630.35,479794
2022-05-02,2624.9,2626.75,2521.55,2552.5,497152
2022-05-05,2494.05,2529.2,2419.95,2433.55,477759
2022-05-06,2410.0,2418.2,2351.35,2362.45,407390
2022-05-09,2344.95,2370.45,2310.0,2344.3,403218
2022-05-10,2344.3,2441.7,2334.95,2415.55,841473
2022-05-11,2396.25,2433.6,2353.0,2389.15,459255
2022-05-12,2369.0,2401.0,2332.15,2384.65,419477
2022-05-13,2400.0,2483.0,2397.85,2432.65,650616
2022-05-16,2519.9,2628.4,2494.65,2617.95,2801368
2022-05-17,2610.0,2714.7,2600.15,2706.7,1462487
2022-05-18,2699.0,2769.9,2683.4,2696.0,1173271
2022-05-19,2622.0,2738.0,2622.0,2650.5,1592952
2022-05-20,2693.95,2720.0,2652.15,2707.8,687007
2022-05-23,2721.0,2767.5,2715.05,2741.3,892535
2022-05-24,2745.95,2769.9,2702.1,2719.3,481731
2022-05-25,2734.0,2749.85,2673.0,2686.15,556605
2022-05-26,2700.1,2738.9,2663.95,2725.1,854405
2022-05-27,2736.2,2765.0,2729.7,2742.1,404877
2022-05-30,2755.3,2796.0,2742.85,2758.45,589423
2022-05-31,2770.0,2818.65,2717.2,2780.75,1766731
2022-06-01,2770.15,2818.0,2752.0,2771.7,358924
2022-06-02,2777.4,2785.35,2715.05,2723.55,558032
2022-06-03,2741.0,2766.65,2661.5,2685.25,808873
2022-06-06,2683.0,2696.0,2638.05,2653.1,906875
2022-06-07,2629.4,2656.8,2610.6,2647.9,453936
2022-06-08,2661.1,2674.8,2619.15,2649.15,260633
2022-06-09,2640.0,2724.45,2621.0,2716.0,531562
2022-06-10,2672.25,2736.95,2672.25,2712.85,666106
2022-06-13,2685.0,2724.55,2666.2,2700.8,556912
2022-06-14,2689.4,2752.15,2676.2,2722.75,739832
2022-06-15,2744.0,2751.1,2703.95,2720.1,339705
2022-06-16,2736.5,2749.0,2631.25,2652.5,542478
2022-06-17,2629.5,2666.7,2585.05,2604.8,836170
2022-06-20,2600.0,2661.9,2599.95,2623.25,717655
2022-06-21,2642.2,2711.0,2632.15,2702.8,1177839
2022-06-22,2699.0,2713.0,2642.1,2662.75,273509
2022-06-23,2665.1,2825.0,2665.1,2819.05,1338537
2022-06-24,2837.85,2909.55,2831.95,2877.9,1078547
2022-06-27,2909.0,2909.95,2836.0,2848.3,532402
2022-06-28,2827.7,2886.1,2818.75,2863.8,770778
2022-06-29,2849.1,2922.95,2830.0,2886.6,856258
2022-06-30,2879.95,2910.0,2784.05,2794.35,928852
2022-07-01,2775.0,2809.8,2750.4,2782.8,367512
2022-07-04,2793.8,2805.5,2745.75,2796.4,443843
2022-07-05,2815.0,2843.9,2790.0,2805.6,616329
2022-07-06,2810.0,2920.0,2807.0,2907.95,1058465
2022-07-07,2943.0,2958.0,2917.4,2944.2,650305
2022-07-08,2952.0,2982.85,2895.0,2931.6,617742
2022-07-11,2929.0,3053.05,2907.9,3046.85,1346337
2022-07-13,2955.5,2994.95,2942.0,2967.4,768270
2022-07-14,2977.9,3006.85,2900.85,2955.1,901976
2022-07-15,2969.4,3045.3,2945.7,3034.0,536541
2022-07-18,3055.85,3078.0,3012.0,3036.5,568164
2022-07-19,3020.0,3089.0,3015.0,3077.7,728004
2022-07-20,3088.0,3111.0,3028.0,3045.0,432912
2022-07-21,3053.0,3092.1,3031.0,3081.2,469152
2022-07-22,3085.15,3179.0,3077.6,3147.6,1461794
2022-07-25,3140.0,3153.9,3068.1,3086.7,623585
2022-07-26,3090.0,3098.9,3007.95,3023.3,676813
2022-07-27,3023.3,3063.05,3013.5,3057.4,527215
2022-07-28,3065.1,3080.0,3031.1,3054.0,486390
2022-07-29,3083.0,3145.0,3066.4,3093.45,570564
2022-08-01,3109.9,3175.55,3072.4,3088.4,891876
2022-08-02,3055.0,3148.0,2913.05,3120.95,1843785
2022-08-03,3129.0,3170.0,3070.55,3138.2,1218915
2022-08-04,3151.0,3196.5,3101.0,3145.8,928111
2022-08-05,3152.0,3179.8,3066.0,3089.6,518285
2022-08-10,3132.0,3169.35,3117.35,3154.55,814819
2022-08-11,3256.0,3265.95,3139.2,3176.45,2187872
2022-08-12,3178.0,3221.4,3131.0,3210.15,1327610
2022-08-16,3218.0,3342.0,3211.0,3338.05,1700743
2022-08-17,3339.0,3433.3,3335.1,3397.6,1654567
2022-08-18,3400.0,3438.0,3374.7,3411.4,591901
2022-08-19,3412.05,3460.0,3394.3,3424.1,1151041
2022-08-22,3401.0,3415.05,3330.1,3363.25,928071
2022-08-23,3361.0,3480.0,3338.15,3464.75,1604447
2022-08-24,3456.05,3473.5,3393.05,3450.7,856684
2022-08-25,3455.0,3513.7,3408.8,3481.45,1244869
2022-08-26,3440.0,3453.8,3341.1,3355.1,1742915
2022-08-29,3289.0,3338.8,3242.65,3291.6,1436918
2022-08-30,3321.8,3397.6,3317.0,3358.75,1236651
2022-09-01,3241.0,3434.9,3241.0,3411.6,1592544
2022-09-02,3451.0,3469.0,3415.0,3422.1,1038097
2022-09-05,3444.95,3447.0,3379.05,3400.5,561306
2022-09-06,3412.0,3424.1,3400.0,3410.35,355149
2022-09-07,3360.7,3419.0,3360.7,3383.65,662832
2022-09-08,3400.6,3463.5,3400.6,3425.75,640524
2022-09-09,3460.0,3483.0,3427.05,3473.15,567370
2022-09-13,3555.0,3582.1,3510.5,3522.0,528699
2022-09-14,3452.0,3563.95,3452.0,3541.8,508971
2022-09-15,3559.55,3672.0,3553.35,3622.25,1625125
2022-09-16,3635.0,3640.4,3530.2,3549.0,957393
2022-09-19,3549.95,3633.7,3493.45,3590.25,517408
2022-09-20,3624.65,3738.25,3620.0,3711.55,854400
2022-09-21,3720.0,3787.25,3671.35,3682.05,883098
2022-09-22,3680.0,3759.9,3670.4,3748.75,659825
2022-09-23,3764.0,3774.45,3651.4,3688.45,436539
2022-09-26,3669.85,3669.95,3472.2,3515.55,979894
2022-09-27,3543.8,3615.0,3487.3,3570.55,651919
2022-09-28,3529.0,3665.7,3529.0,3628.3,670814
2022-09-29,3646.7,3678.25,3605.0,3624.1,578779
2022-09-30,3623.95,3693.8,3583.85,3671.6,517861
2022-10-03,3781.0,3781.9,3444.95,3463.35,2180504
2022-10-04,3524.0,3579.9,3516.65,3555.0,961129
2022-10-06,3560.0,3596.85,3520.0,3531.35,530684
2022-10-07,3531.35,3550.0,3467.55,3498.55,458833
2022-10-10,3461.0,3542.0,3451.3,3531.6,412736
2022-10-11,3549.15,3550.65,3392.5,3408.0,661794
2022-10-12,3425.05,3468.65,3377.0,3458.2,660964
2022-10-13,3467.8,3554.95,3445.0,3471.2,753969
2022-10-14,3544.65,3554.9,3469.8,3477.2,387253
2022-10-17,3470.0,3525.0,3465.3,3514.7,492114
2022-10-18,3532.3,3622.0,3529.95,3612.5,522357
2022-10-19,3629.9,3685.0,3600.15,3612.3,645494
2022-10-20,3597.0,3660.0,3560.0,3651.15,515240
2022-10-21,3651.15,3684.7,3568.0,3629.5,532326
2022-10-25,3677.0,3724.0,3650.0,3710.65,571186
2022-10-27,3741.05,3741.05,3661.0,3710.65,583285
2022-10-28,3721.0,3773.1,3697.15,3745.75,478514
2022-10-31,3764.5,3864.1,3758.0,3850.45,678149
2022-11-01,3889.65,3889.65,3751.95,3798.4,746053
2022-11-02,3849.8,3849.8,3695.0,3729.2,1177767
2022-11-03,3698.0,3747.0,3648.35,3675.25,738117
2022-11-04,3695.0,3729.0,3645.0,3666.9,631943
2022-11-07,3680.2,3765.0,3680.0,3755.15,505944
2022-11-09,3791.95,3791.95,3696.3,3732.95,490411
2022-11-10,3739.4,3739.4,3636.1,3700.85,442138
2022-11-11,3730.0,3739.0,3501.0,3519.65,2463500
2022-11-14,3537.25,3565.0,3498.0,3516.6,659139
2022-11-16,3515.05,3583.8,3458.8,3503.05,1048177
2022-11-17,3500.0,3500.0,3421.05,3441.85,889808
2022-11-18,3449.9,3457.55,3376.05,3390.25,868754
2022-11-21,3390.45,3411.0,3365.0,3378.6,631291
2022-11-22,3380.45,3407.95,3354.0,3375.05,461525
2022-11-23,3391.95,3418.95,3375.0,3380.9,738556
2022-11-24,3397.85,3402.9,3346.3,3377.35,407602
2022-11-25,3394.25,3422.25,3350.0,3414.1,512690
2022-11-28,3413.7,3449.5,3402.1,3441.4,435882
2022-11-29,3450.4,3464.75,3405.0,3416.1,456872
2022-11-30,3419.8,3504.5,3417.05,3484.5,1151772
2022-12-01,3489.6,3500.0,3430.0,3437.45,518865
2022-12-02,3435.0,3435.0,3325.0,3331.85,1453049
2022-12-05,3328.1,3360.0,3326.1,3344.4,518257
2022-12-06,3335.0,3338.0,3278.2,3299.7,944559
2022-12-07,3299.75,3324.9,3254.0,3259.85,943407
2022-12-08,3284.9,3330.0,3276.0,3322.3,862490
2022-12-09,3335.0,3363.0,3326.15,3358.2,660249
2022-12-12,3341.0,3352.95,3287.0,3320.45,541993
2022-12-13,3306.0,3342.15,3301.05,3313.0,584450
2022-12-14,3329.0,3385.0,3325.0,3369.4,676995
2022-12-15,3368.0,3382.35,3296.55,3303.5,338209
2022-12-16,3290.0,3347.3,3280.0,3291.45,771552
2022-12-19,3292.0,3409.5,3282.15,3388.9,890120
2022-12-20,3370.0,3378.4,3291.0,3313.45,711013
2022-12-21,3330.0,3350.0,3262.0,3273.25,485199
2022-12-22,3274.0,3296.15,3196.55,3206.05,613152
2022-12-23,3190.1,3200.0,3105.05,3113.65,581956
2022-12-26,3115.0,3228.65,3088.2,3161.25,530294
2022-12-27,3174.95,3213.15,3150.0,3201.8,422130
2022-12-28,3188.15,3233.6,3175.6,3211.55,318724
2022-12-29,3181.05,3490.75,3163.25,3281.2,881072
2022-12-30,3290.0,3298.0,3217.25,3227.75,663451
2023-01-03,3228.85,3240.0,3206.0,3213.45,323237
2023-01-04,3224.0,3242.85,3188.1,3215.25,372617
2023-01-05,3229.0,3266.9,3202.55,3257.7,383751
2023-01-06,3260.0,3278.85,3237.05,3250.6,242107
2023-01-09,3266.9,3275.1,3229.2,3262.55,391801
2023-01-10,3262.0,3265.8,3144.15,3167.55,607830
2023-01-11,3167.55,3174.5,3096.7,3137.25,856148
2023-01-13,3105.0,3196.0,3060.0,3162.05,964656
2023-01-16,3155.55,3179.9,3100.0,3139.05,653373
2023-01-17,3152.0,3192.0,3125.0,3179.95,495809
2023-01-18,3171.0,3192.0,3150.0,3177.6,330814
2023-01-19,3163.05,3180.05,3135.05,3166.7,320900
2023-01-20,3175.0,3194.9,3141.1,3150.5,389881
2023-01-23,3166.3,3224.6,3145.75,3203.35,424691
2023-01-24,3219.4,3234.85,3178.35,3226.55,367438
2023-01-25,3226.55,3235.0,3183.35,3213.85,353061
2023-01-27,3229.95,3264.95,3128.0,3169.75,627913
2023-01-30,3160.1,3210.0,3099.05,3191.45,656403
2023-01-31,3201.05,3277.0,3177.0,3263.35,612164
2023-02-01,3280.0,3354.95,3240.0,3303.1,885327
2023-02-02,3265.0,3320.7,3185.0,3217.3,613267
2023-02-03,3233.4,3325.0,3199.55,3316.7,500037
2023-02-07,3277.05,3299.0,3240.05,3274.7,447240
2023-02-08,3275.0,3277.95,3203.0,3228.0,378309
2023-02-09,3236.05,3249.55,3195.0,3237.15,265006
2023-02-10,3225.05,3242.3,3198.15,3212.35,328745
2023-02-13,3225.0,3272.0,3217.2,3252.65,405135
2023-02-14,3261.95,3300.0,3145.0,3175.7,1519235
2023-02-15,3203.0,3341.95,3203.0,3311.15,2093492
2023-02-16,3329.95,3344.0,3268.05,3289.1,679170
2023-02-17,3287.05,3297.0,3240.2,3285.0,491317
2023-02-20,3300.0,3335.0,3280.45,3290.5,515895
2023-02-21,3290.0,3298.1,3265.05,3274.15,494115
2023-02-22,3270.0,3270.15,3215.1,3249.7,570379
2023-02-23,3265.0,3274.85,3220.9,3241.95,527729
2023-02-24,3249.9,3249.9,3165.0,3205.6,684029
2023-02-27,3200.0,3205.4,3102.05,3131.05,482530
2023-02-28,3132.0,3181.0,3091.15,3105.9,974100
2023-03-01,3106.0,3143.9,3086.7,3138.8,522394
2023-03-02,3155.1,3158.95,3097.3,3125.5,970565
2023-03-03,3141.15,3150.9,3113.85,3127.3,337278
2023-03-06,3138.0,3169.1,3132.4,3166.2,362693
2023-03-08,3166.0,3211.55,3150.1,3204.4,657256
2023-03-09,3211.0,3219.95,3142.1,3146.7,419727
2023-03-10,3134.95,3147.2,3095.15,3116.1,362000
2023-03-13,3117.0,3122.95,3025.0,3033.4,351244
2023-03-14,3033.4,3050.0,2985.5,3016.9,727498
2023-03-15,3044.8,3059.75,3002.0,3006.9,288927
2023-03-16,3021.7,3081.0,2996.0,3035.45,439612
2023-03-17,3052.0,3058.0,2942.25,2974.6,692626
2023-03-20,2974.6,2989.9,2909.25,2952.0,561183
2023-03-21,2966.8,2975.0,2927.0,2934.8,490092
2023-03-22,2949.5,2968.9,2931.85,2946.55,222875
2023-03-23,2942.2,2950.0,2912.85,2927.7,379191
2023-03-24,2925.0,2931.0,2886.65,2909.6,542971
2023-03-27,2913.6,2929.0,2871.0,2885.55,375285
2023-03-28,2894.8,2894.8,2836.0,2852.4,1079359
2023-03-29,2858.5,2947.8,2850.0,2933.7,765293
2023-03-31,2923.1,2963.35,2921.0,2948.85,546110
2023-04-03,3050.0,3050.0,2981.1,3004.3,1170652
2023-04-05,2982.0,3009.0,2922.2,2933.75,1033837
2023-04-06,2948.7,2970.0,2926.0,2961.7,586845
2023-04-10,2980.0,2987.0,2951.15,2970.45,416883
2023-04-11,2970.45,3059.0,2970.45,3054.2,618391
2023-04-12,3035.0,3145.0,3035.0,3128.35,746284
2023-04-13,3140.0,3231.45,3132.0,3213.05,1337741
2023-04-17,3235.0,3254.0,3206.0,3229.0,539975
2023-04-18,3228.65,3278.0,3215.85,3263.55,577513
2023-04-19,3263.95,3300.0,3258.1,3289.6,646164
2023-04-20,3308.7,3308.7,3220.05,3246.95,483671
2023-04-21,3240.0,3259.95,3194.1,3200.7,443737
2023-04-24,3204.0,3217.45,3158.1,3182.8,379317
2023-04-25,3175.0,3246.5,3156.15,3217.95,574542
2023-04-26,3230.0,3280.0,3225.55,3248.35,881684
2023-04-27,3248.3,3270.4,3236.25,3263.55,464406
2023-04-28,3275.0,3305.0,3265.35,3301.1,416242
2023-05-02,3326.95,3383.8,3325.0,3356.15,838718
2023-05-03,3367.9,3367.9,3321.2,3348.35,577763
2023-05-04,3341.0,3382.45,3321.0,3339.3,325535
2023-05-05,3339.3,3392.05,3324.75,3355.1,518154
2023-05-08,3371.0,3407.4,3360.1,3392.9,322909
2023-05-09,3410.0,3410.0,3371.35,3381.9,347387
2023-05-10,3396.6,3422.8,3354.8,3416.75,386746
2023-05-12,3520.0,3647.5,3514.95,3626.35,3665298
2023-05-15,3630.0,3705.0,3630.0,3658.5,1269701
2023-05-16,3669.0,3685.0,3610.0,3633.2,1035562
2023-05-17,3624.0,3636.3,3584.2,3628.75,755786
2023-05-18,3636.0,3649.95,3570.45,3576.15,1235091
2023-05-19,3566.15,3579.0,3511.5,3570.9,762689
2023-05-22,3569.95,3576.8,3527.0,3545.45,303121
2023-05-23,3545.45,3607.7,3530.05,3601.6,374270
2023-05-24,3600.0,3624.0,3578.9,3610.9,374043
2023-05-25,3610.9,3682.25,3606.9,3651.5,725887
2023-05-26,3649.0,3697.5,3610.0,3690.35,394991
2023-05-29,3700.0,3718.2,3670.0,3711.45,516724
2023-05-30,3711.45,3722.8,3670.4,3678.35,598100
2023-05-31,3678.35,3727.0,3656.25,3671.95,1188672
2023-06-01,3713.7,3733.0,3687.0,3716.05,622442
2023-06-02,3720.0,3748.0,3657.0,3699.4,987424
2023-06-05,3713.15,3717.5,3665.1,3673.25,340655
2023-06-06,3680.1,3722.0,3680.0,3705.1,385907
2023-06-07,3705.1,3740.0,3697.2,3727.4,342012
2023-06-08,3727.1,3727.1,3644.4,3657.4,511175
2023-06-09,3652.0,3667.2,3576.1,3581.3,447350
2023-06-12,3595.0,3616.5,3556.0,3590.6,358856
2023-06-13,3599.95,3640.75,3583.0,3592.65,612123
2023-06-14,3615.0,3642.3,3563.15,3572.05,456603
2023-06-15,3588.9,3608.8,3530.0,3534.7,428887
2023-06-16,3550.0,3563.9,3490.0,3538.9,610093
2023-06-19,3567.8,3569.15,3493.0,3496.65,336012
2023-06-20,3504.8,3570.0,3465.05,3562.1,378562
2023-06-21,3576.0,3585.55,3535.05,3570.45,538051
2023-06-22,3587.85,3630.0,3545.0,3558.6,559681
2023-06-23,3564.7,3564.7,3509.8,3539.2,281640
2023-06-26,3549.95,3572.3,3521.0,3551.65,346202
2023-06-27,3545.1,3582.2,3519.0,3535.75,336518
2023-06-28,3545.0,3569.9,3537.9,3544.85,657118
2023-06-30,3540.1,3600.0,3505.3,3580.1,712382
2023-07-03,3590.95,3666.0,3585.55,3630.85,734331
2023-07-04,3555.05,3558.85,3387.05,3401.8,4118019
2023-07-05,3410.8,3423.4,3280.0,3309.75,2931606
2023-07-06,3250.0,3289.15,3208.0,3222.2,3837528
2023-07-07,3210.55,3248.0,3176.0,3184.8,2099192
2023-07-10,3210.0,3232.0,3160.0,3173.9,1778576
2023-07-11,3197.95,3262.0,3184.05,3253.05,1425815
2023-07-12,3272.0,3307.0,3235.0,3291.65,1573745
2023-07-13,3305.0,3305.0,3245.0,3257.15,1050165
2023-07-14,3275.0,3365.0,3256.0,3347.1,1577337
2023-07-17,3350.0,3374.0,3325.05,3349.9,1556115
2023-07-18,3355.0,3369.0,3317.5,3349.25,743048
2023-07-19,3349.0,3356.55,3320.05,3330.15,658755
2023-07-20,3343.0,3343.0,3297.0,3317.1,684856
2023-07-21,3314.8,3336.0,3293.05,3315.5,536479
2023-07-24,3318.0,3321.85,3282.0,3307.85,517007
2023-07-25,3325.55,3365.0,3312.75,3326.2,865631
2023-07-26,3347.45,3360.0,3326.4,3353.65,552958
2023-07-27,3360.0,3367.25,3320.4,3327.9,748689
2023-07-28,3349.8,3358.5,3329.65,3355.2,338430
2023-07-31,3350.0,3375.95,3318.45,3365.5,485771
2023-08-01,3375.0,3435.0,3367.05,3415.9,1039321
2023-08-02,3430.0,3430.0,3280.0,3332.7,1174483
2023-08-03,3332.3,3385.0,3301.35,3379.7,601722
2023-08-04,3420.0,3478.85,3350.0,3359.55,1235134
2023-08-07,3359.95,3377.15,3339.7,3355.85,438968
2023-08-08,3344.0,3385.05,3291.0,3372.0,881723
2023-08-09,3375.0,3415.0,3332.0,3412.6,1096303
2023-08-10,3412.0,3434.8,3380.1,3414.7,640761
2023-08-11,3420.0,3420.0,3376.45,3389.2,366412
2023-08-14,3372.0,3372.0,3286.35,3338.7,650028
2023-08-16,3346.95,3346.95,3286.1,3327.2,502272
2023-08-17,3319.0,3323.0,3291.75,3298.45,484577
2023-08-18,3298.0,3369.0,3274.9,3349.6,680218
2023-08-21,3344.95,3372.0,3315.5,3365.55,407887
2023-08-22,3361.2,3369.0,3329.0,3343.4,343014
2023-08-23,3343.4,3380.0,3330.3,3358.0,347738
2023-08-24,3365.0,3375.0,3320.0,3341.65,840229
2023-08-25,3341.0,3362.15,3323.6,3341.15,463506
2023-08-28,3349.95,3364.95,3334.0,3348.35,329661
2023-08-29,3360.0,3370.0,3348.45,3355.35,271577
2023-08-30,3368.0,3412.0,3356.5,3405.75,903102
2023-08-31,3410.0,3410.0,3322.0,3336.6,835737
2023-09-01,3350.0,3406.45,3322.1,3400.4,691510
2023-09-04,3430.0,3461.0,3410.25,3434.15,661736
2023-09-06,3415.0,3417.1,3375.0,3391.3,431090
2023-09-07,3390.0,3411.95,3375.0,3402.45,334700
2023-09-08,3403.0,3406.35,3366.1,3370.9,448502
2023-09-11,3377.0,3409.9,3363.0,3404.5,544361
2023-09-12,3410.0,3414.95,3320.7,3341.25,446513
2023-09-13,3349.95,3369.9,3308.0,3320.3,820181
2023-09-14,3335.0,3385.0,3325.1,3381.4,436335
2023-09-15,3380.05,3447.9,3371.55,3427.2,1169429
2023-09-18,3432.05,3452.85,3412.0,3431.75,596376
2023-09-20,3427.0,3450.0,3376.8,3441.2,547812
2023-09-21,3429.8,3440.05,3404.0,3435.85,477582
2023-09-22,3425.0,3431.8,3392.0,3409.45,393516
2023-09-25,3417.85,3429.9,3381.05,3386.65,309695
2023-09-26,3405.05,3539.2,3405.0,3472.15,2178639
2023-09-27,3490.0,3496.9,3426.8,3479.7,552573
2023-09-28,3480.0,3500.0,3425.0,3440.25,608162
2023-09-29,3444.95,3480.5,3426.3,3446.95,515006
2023-10-03,3426.9,3434.95,3302.9,3351.4,1354075
2023-10-04,3350.0,3408.95,3323.75,3400.9,566983
2023-10-05,3405.5,3453.9,3387.05,3443.6,394665
2023-10-06,3443.6,3464.45,3438.35,3450.4,249258
2023-10-09,3420.2,3476.0,3401.0,3445.6,471285
2023-10-10,3450.45,3474.0,3449.05,3458.75,206646
2023-10-11,3482.0,3494.1,3461.4,3486.6,343468
2023-10-12,3490.0,3534.95,3476.45,3494.2,644992
2023-10-13,3481.0,3500.0,3441.0,3476.4,280442
2023-10-16,3462.1,3503.0,3462.1,3486.6,147663
2023-10-17,3505.0,3522.8,3487.0,3500.85,260333
2023-10-18,3500.85,3546.85,3482.1,3496.1,368551
2023-10-19,3480.0,3534.0,3460.35,3501.2,353664
2023-10-20,3500.0,3500.15,3465.6,3480.9,216268
2023-10-23,3467.1,3492.9,3425.85,3446.35,211293
2023-10-25,3435.1,3446.25,3368.8,3384.4,354128
2023-10-26,3370.0,3375.0,3310.0,3326.8,428619
2023-10-30,3403.0,3426.0,3336.2,3357.65,257392
2023-10-31,3366.55,3367.0,3287.2,3295.55,409346
2023-11-01,3309.8,3315.1,3275.0,3282.25,325630
2023-11-02,3285.0,3345.0,3284.2,3338.3,493381
2023-11-03,3360.0,3458.15,3353.0,3428.0,568463
2023-11-06,3454.9,3543.45,3437.45,3510.95,722080
2023-11-08,3510.0,3565.0,3505.85,3550.3,393482
2023-11-09,3545.3,3596.4,3526.1,3541.9,538782
2023-11-10,3540.0,3565.0,3502.1,3540.75,259237
2023-11-13,3590.0,3675.0,3586.0,3645.4,875885
2023-11-15,3689.0,3860.0,3672.1,3848.3,1914550
2023-11-16,3848.05,3873.0,3813.15,3836.75,755583
2023-11-17,3824.9,3898.0,3816.9,3865.3,476357
2023-11-20,3850.55,3898.9,3824.0,3846.45,249897
2023-11-21,3865.0,3865.6,3826.05,3844.2,260475
2023-11-22,3830.1,3854.4,3805.0,3833.8,286194
2023-11-23,3836.55,3915.0,3833.0,3883.8,764501
2023-11-24,3895.7,3920.0,3842.05,3849.05,266314
2023-11-28,3855.95,3892.15,3777.75,3826.7,505274
2023-11-29,3852.0,3852.0,3791.0,3812.25,414180
2023-11-30,3857.95,3920.0,3828.05,3896.9,1338711
2023-12-01,3922.0,3950.0,3882.05,3891.2,683211
2023-12-04,3950.0,4200.0,3916.0,4180.35,2824695
2023-12-05,4181.0,4195.25,4100.0,4136.5,1045885
2023-12-06,4088.05,4127.95,4025.0,4047.0,941566
2023-12-07,4050.0,4135.0,4048.0,4091.0,699553
2023-12-08,4100.0,4112.4,4028.8,4055.0,334252
2023-12-11,4055.0,4068.9,4010.0,4025.65,534584
2023-12-12,4047.45,4047.45,3936.15,3951.75,981121
2023-12-13,3969.0,4044.95,3957.95,4032.75,707209
2023-12-14,4058.0,4100.0,4045.0,4086.15,922658
2023-12-15,4099.7,4135.3,4045.0,4059.9,954933
2023-12-18,4076.0,4165.0,4068.5,4085.5,886620
2023-12-19,4094.8,4109.55,4022.4,4039.65,328368
2023-12-20,4074.75,4132.45,3891.7,3912.4,557214
2023-12-21,3900.0,4007.9,3847.55,3957.95,445648
2023-12-22,3983.0,4016.95,3948.2,4006.05,309907
2023-12-26,4024.8,4069.65,4012.0,4040.4,475107
2023-12-27,4068.0,4134.95,4042.1,4120.0,385941
2023-12-28,4120.0,4130.0,4080.9,4091.9,450475
2023-12-29,4099.95,4178.0,4094.0,4143.5,673952
2024-01-01,4145.0,4145.0,4030.0,4038.35,763454
2024-01-02,4010.1,4010.75,3882.35,3892.5,1221148
2024-01-03,3894.05,3928.95,3878.45,3887.6,435449
2024-01-04,3887.5,3915.0,3848.5,3861.0,425702
2024-01-05,3864.05,3918.7,3860.0,3877.05,402103
2024-01-08,3890.0,3960.4,3877.5,3884.25,401263
2024-01-09,3909.25,3923.95,3850.6,3870.45,411462
2024-01-10,3870.45,3873.0,3790.65,3842.55,577499
2024-01-11,3868.8,3924.7,3852.45,3888.8,378237
2024-01-12,3890.2,3899.0,3850.0,3870.85,220410
2024-01-15,3875.0,3884.65,3811.0,3832.1,364325
2024-01-16,3790.0,3828.1,3741.5,3792.3,519197
2024-01-17,3731.0,3772.0,3720.0,3751.1,585284
2024-01-18,3751.1,3761.55,3661.0,3691.15,583931
2024-01-19,3700.0,3787.85,3658.0,3699.45,894473
2024-01-20,3709.9,3737.9,3675.1,3697.6,122046
2024-01-23,3702.05,3744.0,3606.05,3616.7,823427
2024-01-24,3629.0,3648.95,3562.45,3635.0,1318897
2024-01-25,3680.0,3680.0,3597.05,3616.45,699432
2024-01-29,3621.1,3681.0,3590.05,3669.05,936432
2024-01-30,3675.0,3729.9,3673.9,3704.75,612064
2024-01-31,3716.0,3852.15,3701.1,3839.6,759817
2024-02-01,3843.0,3965.85,3843.0,3933.2,1313981
2024-02-02,3900.0,3900.0,3811.25,3825.55,872011
2024-02-05,3850.0,3918.4,3837.0,3889.95,592181
2024-02-06,3900.0,3950.75,3890.0,3944.6,470713
2024-02-07,3975.0,3990.0,3907.95,3927.65,416774
2024-02-08,3953.0,3957.3,3791.75,3807.3,404899
2024-02-09,3820.0,3847.95,3761.6,3840.95,396729
2024-02-12,3869.9,3903.05,3817.2,3871.85,237343
2024-02-13,3894.65,3936.15,3765.45,3854.2,633019
2024-02-14,3833.0,3932.35,3726.6,3901.55,919714
2024-02-15,3905.0,3928.5,3876.2,3916.55,405632
2024-02-16,3925.05,4003.0,3916.3,3928.65,634008
2024-02-19,3934.95,3954.7,3894.75,3902.85,267834
2024-02-20,3894.0,3898.9,3784.2,3828.1,1324518
2024-02-21,3828.1,3895.75,3821.0,3836.35,575380
2024-02-22,3864.8,3970.0,3841.85,3951.4,1130600
2024-02-23,3970.4,3972.0,3913.65,3927.05,571998
2024-02-26,3927.05,3991.45,3895.0,3952.95,474465
2024-02-27,3950.0,4012.55,3940.0,4002.75,579400
2024-02-28,4002.75,4018.95,3851.0,3863.75,658953
2024-02-29,3862.95,3890.0,3760.05,3792.4,1021336
2024-03-01,3790.2,3868.8,3776.05,3843.55,665946
2024-03-04,3858.6,3883.3,3744.0,3751.45,641251
2024-03-05,3751.45,3801.95,3742.55,3791.9,591293
2024-03-06,3800.0,3806.85,3734.05,3793.2,315398
2024-03-07,3793.2,3810.0,3759.05,3785.25,734239
2024-03-11,3795.45,3814.95,3770.0,3783.9,373335
2024-03-12,3804.4,3855.8,3771.0,3810.75,528035
2024-03-13,3811.55,3852.4,3715.0,3735.55,428324
2024-03-14,3717.0,3803.75,3686.25,3772.65,720948
2024-03-15,3772.65,3779.95,3707.05,3745.65,487749
2024-03-18,3745.0,3745.0,3681.7,3699.7,533167
2024-03-19,3699.7,3730.0,3672.0,3716.85,559402
2024-03-20,3821.0,3940.0,3821.0,3873.6,3045475
2024-03-21,3881.35,3949.0,3881.0,3918.95,838929
2024-03-22,3945.0,4013.95,3863.2,3988.4,1033237
2024-03-27,3934.8,3987.0,3905.8,3913.8,510950
2024-03-28,3915.3,4075.0,3891.75,4019.3,1307106
2024-04-01,4060.8,4070.0,3936.5,3946.65,532524
2024-04-02,3990.0,3990.0,3914.3,3922.2,485047
2024-04-03,3923.0,3943.1,3886.1,3934.2,392460
2024-04-04,3957.0,4030.0,3892.05,4014.3,932478
2024-04-05,4013.0,4046.55,3967.55,4031.25,537212
2024-04-08,4024.95,4303.45,4011.6,4205.75,2165986
2024-04-09,4247.8,4267.9,4137.5,4248.65,970657
2024-04-10,4250.0,4335.0,4222.05,4315.1,1018246
2024-04-12,4310.0,4382.8,4267.8,4302.25,1133493
2024-04-15,4250.0,4317.85,4193.75,4219.35,860133
2024-04-16,4217.4,4404.0,4206.3,4355.7,1467677
2024-04-18,4356.0,4444.0,4338.05,4351.2,1316876
2024-04-19,4345.0,4369.45,4261.3,4344.15,719002
2024-04-22,4394.0,4485.0,4370.4,4466.95,781218
2024-04-23,4472.05,4534.9,4445.0,4520.15,740619
2024-04-24,4545.0,4571.65,4514.8,4530.7,919636
2024-04-25,4568.0,4629.5,4486.0,4615.2,1260511
2024-04-26,4591.0,4632.85,4572.0,4601.0,364193
2024-04-29,4589.0,4603.55,4532.6,4571.85,465907
2024-04-30,4578.0,4689.95,4578.0,4597.4,663752
2024-05-02,4598.0,4634.1,4546.4,4602.4,908139
2024-05-03,4623.0,4655.6,4580.0,4599.25,562484
2024-05-06,4613.0,4668.8,4581.25,4599.0,716536
2024-05-07,4605.0,4655.0,4570.0,4622.4,505027
2024-05-08,4585.0,4634.0,4560.95,4600.1,613158
2024-05-09,4580.0,4708.0,4541.5,4568.05,980283
2024-05-10,4590.0,4689.05,4556.4,4657.85,471148
2024-05-13,4679.0,4733.8,4528.3,4657.45,1738770
2024-05-14,4667.4,4742.95,4651.1,4730.55,870035
2024-05-15,4730.55,4730.55,4598.1,4649.35,1082300
2024-05-16,4650.0,4697.95,4543.1,4681.75,845652
2024-05-17,4660.0,4700.0,4622.0,4693.9,287570
2024-05-18,4717.9,4717.9,4667.0,4684.4,23597
2024-05-21,4650.0,4728.85,4650.0,4672.95,500742
2024-05-22,4673.0,4707.65,4665.5,4695.45,201187
2024-05-23,4696.65,4867.85,4682.55,4852.85,922926
2024-05-24,4822.5,4908.0,4807.4,4880.95,545727
2024-05-27,4861.05,4907.0,4770.0,4793.3,655641
2024-05-28,4793.3,4825.5,4760.0,4770.95,333511
2024-05-29,4746.0,4808.85,4724.25,4745.4,548865
2024-05-30,4709.75,4770.0,4704.7,4742.95,431385
2024-05-31,4742.2,4790.0,4668.25,4733.45,1137018
2024-06-03,4800.0,4800.0,4640.0,4670.85,1070710
2024-06-04,4679.9,4706.85,4253.85,4495.4,920927
2024-06-05,4539.1,4647.45,4495.0,4579.0,468061
2024-06-06,4579.0,4727.0,4538.3,4719.75,748915
2024-06-07,4700.0,4769.0,4670.1,4762.0,419417
2024-06-10,4769.6,4800.0,4757.0,4782.75,301649
2024-06-11,4810.0,4811.95,4744.05,4758.65,733966
2024-06-12,4765.0,4873.45,4745.0,4850.65,523152
2024-06-13,4886.95,4889.6,4768.0,4801.5,840780
2024-06-14,4817.5,4945.0,4801.5,4935.1,549131
2024-06-18,4940.0,4976.0,4912.55,4936.1,706641
2024-06-19,4940.0,4963.7,4850.0,4880.75,652617
2024-06-20,4885.35,4924.9,4843.05,4876.9,637364
2024-06-21,4876.9,4925.3,4820.0,4845.5,414677
2024-06-24,4838.0,4888.7,4794.2,4870.9,302473
2024-06-25,4870.9,4896.0,4762.05,4775.05,660144
2024-06-26,4775.05,4807.4,4720.0,4739.7,600784
2024-06-27,4722.0,4766.45,4682.05,4713.8,1087487
2024-06-28,4713.8,4733.95,4655.3,4672.95,939279
2024-07-01,4640.0,4729.45,4626.0,4635.55,1364796
2024-07-02,4635.9,4699.1,4592.9,4625.75,865321
2024-07-03,4643.65,4703.75,4638.1,4692.3,257361
2024-07-04,4692.3,4725.0,4662.0,4689.5,313153
2024-07-05,4700.05,4748.8,4698.6,4737.3,258687
2024-07-08,4758.95,4775.0,4716.0,4754.45,542470
2024-07-09,4757.6,4838.0,4742.0,4828.7,631367
2024-07-10,4842.0,4955.0,4795.0,4849.15,832007
2024-07-11,4878.95,4885.0,4805.85,4828.65,308708
2024-07-12,4828.55,4879.2,4815.0,4860.7,290823
2024-07-15,4851.05,4917.0,4825.6,4881.35,223485
2024-07-16,4881.4,4935.65,4861.0,4916.1,664540
2024-07-18,4818.0,4965.0,4784.95,4941.1,773064
2024-07-19,4905.0,4925.0,4820.2,4850.7,662969
2024-07-22,4767.0,4869.9,4759.6,4857.35,377893
2024-07-23,4857.05,4975.0,4785.95,4919.55,1128441
2024-07-24,4918.0,4942.3,4879.0,4915.35,400075
2024-07-25,4900.0,4923.45,4872.35,4900.65,413861
2024-07-26,4896.8,5058.9,4863.75,5012.5,625674
2024-07-29,5034.0,5047.95,4931.15,4962.25,338482
2024-07-30,4950.05,4978.65,4904.15,4951.85,683440
2024-07-31,4951.85,4992.8,4939.95,4962.7,567283
2024-08-01,4970.5,5023.0,4903.5,4968.8,654655
2024-08-02,4884.0,4884.0,4691.55,4726.7,2120560
2024-08-05,4612.15,4693.35,4555.0,4675.75,946316
2024-08-06,4687.0,4752.0,4638.05,4653.9,594238
2024-08-07,4664.95,4690.0,4579.4,4597.15,1093582
2024-08-08,4624.0,4641.95,4548.0,4576.9,979435
2024-08-09,4805.65,4853.0,4716.95,4830.6,1697560
2024-08-12,4799.0,4852.05,4793.35,4808.8,738630
2024-08-13,4810.2,4834.9,4790.1,4802.25,194849
2024-08-14,4810.95,4820.0,4716.0,4733.25,328795
2024-08-16,4735.1,4825.0,4735.1,4818.0,259101
2024-08-19,4848.0,4848.0,4780.0,4813.3,280722
2024-08-20,4848.9,4898.0,4824.3,4883.25,523506
2024-08-21,4890.0,4925.0,4867.0,4913.55,221438
2024-08-22,4932.2,4949.0,4905.6,4933.55,536373
2024-08-23,4920.0,4967.85,4882.3,4898.1,208413
2024-08-26,4902.0,4915.95,4865.05,4875.2,314431
2024-08-27,4866.05,4887.25,4836.7,4868.85,382109
2024-08-28,4870.0,4975.75,4840.0,4946.85,424484
2024-08-29,4946.85,4994.4,4880.0,4915.9,571335
2024-08-30,4901.05,4979.5,4896.0,4960.5,465200
2024-09-02,4949.75,5011.0,4887.75,4911.95,310778
2024-09-03,4923.95,4940.0,4856.05,4865.8,263404
2024-09-04,4830.0,4877.45,4821.2,4833.55,476838
2024-09-05,4850.0,4863.1,4787.15,4800.1,398344
2024-09-06,4794.7,4830.0,4740.2,4752.5,291111
2024-09-09,4752.5,4780.0,4716.1,4747.35,272444
2024-09-10,4749.0,4767.5,4689.35,4737.2,404100
2024-09-11,4730.0,4779.5,4702.0,4726.65,384214
2024-09-12,4744.9,4895.0,4717.7,4875.0,757317
2024-09-13,4857.9,4881.4,4828.0,4858.3,315869
2024-09-17,4898.5,4898.5,4816.65,4850.2,356442
2024-09-18,4864.0,4878.7,4812.25,4850.35,295359
2024-09-19,4875.0,4923.8,4845.1,4864.9,357206
2024-09-20,4866.8,5062.2,4854.4,4963.15,1332877
2024-09-23,4990.0,4991.4,4854.65,4879.55,899953
2024-09-24,4887.5,4894.95,4855.0,4876.9,481696
2024-09-25,4851.0,4920.0,4851.0,4895.25,665986
2024-09-26,4915.0,4999.9,4890.0,4994.25,790345
2024-09-27,4990.0,5105.0,4953.35,5062.6,1040624
2024-09-30,5062.0,5085.0,4998.5,5026.25,516973
2024-10-01,5026.3,5045.95,4952.0,4972.65,449002
2024-10-03,4930.0,4950.0,4711.0,4782.5,1337657
2024-10-04,4782.0,4802.8,4690.85,4706.8,466001
2024-10-07,4748.8,4748.8,4650.0,4667.95,447523
2024-10-08,4650.0,4738.5,4586.2,4693.45,661110
2024-10-09,4698.9,4737.9,4660.0,4708.9,930717
2024-10-10,4737.8,4769.0,4690.0,4697.9,305739
2024-10-11,4704.0,4808.15,4660.0,4728.05,844931
2024-10-14,4749.0,4810.0,4730.65,4779.8,346430
2024-10-15,4779.75,4799.9,4695.9,4722.1,370224
2024-10-16,4724.0,4734.0,4641.0,4678.25,380474
2024-10-17,4645.0,4654.95,4521.0,4623.85,514244
2024-10-18,4613.9,4799.9,4612.05,4765.65,778795
2024-10-21,4765.0,4852.85,4743.0,4810.45,745473
2024-10-22,4810.45,4826.2,4749.65,4759.05,528037
2024-10-23,4722.55,4725.45,4653.15,4677.75,655987
2024-10-24,4665.0,4684.65,4630.15,4668.5,288778
2024-10-25,4650.0,4672.65,4508.75,4591.6,446738
2024-10-28,4591.6,4765.0,4533.65,4720.65,989928
2024-10-29,4688.0,4918.55,4685.45,4898.15,1065819
2024-10-30,4850.1,4947.75,4850.1,4869.25,842334
2024-10-31,4869.0,4915.0,4820.7,4894.65,510074
2024-11-04,5002.45,5015.0,4791.05,4831.85,719165
2024-11-05,4831.85,4910.0,4808.0,4899.8,499976
2024-11-06,4910.95,4960.4,4906.95,4917.15,370356
2024-11-07,4917.15,4920.95,4817.65,4878.0,221554
2024-11-08,4875.0,4877.95,4755.35,4785.25,194765
2024-11-11,4762.0,4832.6,4750.3,4793.45,209237
2024-11-12,4788.0,4807.25,4705.55,4738.2,326018
2024-11-13,4700.0,4719.95,4536.05,4588.7,656931
2024-11-14,4725.45,4973.0,4705.3,4883.7,2874648
2024-11-19,4880.0,5014.05,4880.0,4965.45,452273
2024-11-21,4890.3,4958.0,4867.4,4882.1,593722
2024-11-22,4913.0,5005.0,4882.0,4986.2,339941
2024-11-25,4999.0,5067.0,4988.0,5002.35,945466
2024-11-26,5009.0,5014.35,4875.0,4931.75,564637
2024-11-27,4933.0,4971.9,4890.1,4917.5,189349
2024-11-28,4920.0,4920.0,4793.8,4815.7,954250
2024-11-29,4838.0,4864.3,4808.0,4831.85,407774
2024-12-02,4838.05,4845.5,4693.55,4820.7,250521
2024-12-03,4820.75,4870.0,4820.75,4844.35,351449
2024-12-04,4836.05,4878.8,4751.0,4797.05,349544
2024-12-05,4797.05,4880.0,4760.0,4837.55,525957
2024-12-06,4851.0,4928.7,4827.55,4877.05,327806
2024-12-09,4886.6,4888.0,4815.0,4842.1,377043
2024-12-10,4840.0,4874.9,4797.5,4813.05,342297
2024-12-11,4822.0,4833.6,4795.1,4801.95,240736
2024-12-12,4801.95,4820.0,4775.0,4807.65,236847
2024-12-13,4788.0,4858.45,4754.2,4825.9,404369
2024-12-16,4820.0,4865.0,4800.0,4838.5,404180
2024-12-17,4808.1,4830.0,4726.95,4742.65,402231
2024-12-18,4724.0,4799.35,4716.35,4749.85,331577
2024-12-19,4710.0,4780.0,4673.6,4771.95,500287
2024-12-20,4748.0,4822.45,4720.0,4734.5,386086
2024-12-23,4750.0,4776.2,4698.0,4750.55,371318
2024-12-24,4750.55,4808.0,4738.65,4792.9,227611
2024-12-26,4792.9,4824.35,4772.0,4801.35,328172
2024-12-27,4820.0,4954.95,4789.55,4876.9,408992
2024-12-30,4890.0,4904.95,4832.3,4855.8,242799
2024-12-31,4827.0,4872.4,4810.0,4821.9,313948
2025-01-02,4885.0,5330.0,4867.25,5308.1,2863478
2025-01-03,5325.0,5385.7,5270.75,5310.75,836689
2025-01-06,5310.75,5350.0,5188.45,5250.1,419050
2025-01-07,5250.1,5292.0,5166.5,5177.3,439721
2025-01-08,5212.2,5237.85,5134.3,5163.2,343162
2025-01-09,5186.3,5195.85,5105.0,5139.9,239408
2025-01-10,5150.0,5162.7,5040.0,5058.45,316803
2025-01-13,5010.0,5024.2,4925.6,4939.1,213093
2025-01-14,4950.05,5041.35,4950.05,5029.55,448429
2025-01-15,5037.9,5093.4,5004.2,5081.9,497259
2025-01-16,5112.05,5134.1,5034.9,5047.8,435315
2025-01-17,5005.0,5075.4,4998.05,5012.3,197564
2025-01-20,5012.35,5038.45,4930.0,5016.75,255315
2025-01-22,4980.0,5025.0,4953.2,5009.7,494734
2025-01-23,4996.6,5158.0,4977.8,5116.2,442186
2025-01-24,5134.0,5224.5,5115.05,5206.3,730641
2025-01-27,5190.0,5208.0,5115.6,5144.5,418597
2025-01-28,5160.0,5194.0,5090.0,5105.4,603950
2025-01-29,5080.55,5235.0,5080.55,5182.9,357310
2025-01-30,5182.9,5268.0,5140.05,5164.35,480830
2025-01-31,5165.0,5244.0,5145.0,5194.3,394118
2025-02-03,5575.0,5575.5,5406.9,5485.25,1330533
2025-02-04,5536.55,5554.15,5442.0,5450.1,591631
2025-02-05,5450.0,5470.0,5351.0,5417.2,442234
2025-02-06,5428.1,5445.05,5330.9,5342.0,361000
2025-02-07,5368.65,5399.0,5320.05,5372.55,604384
2025-02-10,5400.0,5444.9,5307.4,5335.35,631815
2025-02-11,5138.85,5139.5,4954.95,4972.35,2272410
2025-02-12,4950.0,5000.0,4834.4,4849.45,813864
2025-02-13,4850.65,4907.05,4790.0,4820.4,571526
2025-02-14,4831.1,4850.0,4686.05,4703.35,476473
2025-02-17,4700.0,4755.0,4646.0,4745.2,232211
2025-02-18,4769.0,4772.5,4684.45,4719.4,254026
2025-02-19,4700.0,4821.0,4677.05,4810.6,275722
2025-02-20,4780.0,4899.0,4777.0,4888.4,277284
2025-02-21,4888.0,4982.9,4855.0,4962.45,324027
2025-02-24,4936.0,5049.9,4915.55,5010.8,410180
2025-02-25,5028.0,5075.0,4978.05,4989.8,402917
2025-02-27,4960.5,5000.0,4889.85,4935.5,561804
2025-02-28,4910.05,4931.95,4755.0,4773.6,1076243
2025-03-03,4827.0,4928.0,4827.0,4906.6,503560
2025-03-04,4887.0,4887.0,4788.3,4815.1,638281
2025-03-05,4808.0,5004.0,4780.9,4988.3,551830
2025-03-06,4995.6,5107.1,4995.6,5094.4,648307
2025-03-07,5094.4,5131.4,5073.0,5100.7,590548
2025-03-11,4950.0,5010.0,4912.05,4985.55,228128
2025-03-12,4985.0,5039.9,4960.5,5017.45,235018
2025-03-13,5030.5,5047.5,4965.05,5015.25,265867
2025-03-17,4935.0,5076.95,4935.0,5050.25,287729
2025-03-18,5066.2,5145.0,5065.7,5127.4,328246
2025-03-19,5131.0,5139.6,5054.6,5100.9,417978
2025-03-20,5129.0,5258.95,5113.3,5229.35,491655
2025-03-21,5249.15,5327.95,5230.35,5305.95,414691
2025-03-24,5325.5,5456.0,5312.9,5424.2,316612
2025-03-25,5460.0,5499.85,5401.2,5431.25,324007
2025-03-26,5433.9,5495.0,5390.0,5403.3,384678
2025-03-27,5329.45,5405.0,5300.0,5345.75,603145
2025-03-28,5363.0,5408.35,5322.45,5347.7,286609
2025-04-01,5365.55,5525.0,5266.1,5307.2,562006
2025-04-02,5361.7,5393.95,5311.25,5355.5,365908
2025-04-03,5265.0,5408.3,5265.0,5379.15,224286
2025-04-04,5350.95,5355.1,5230.0,5247.9,261887
2025-04-07,5000.0,5167.4,4999.95,5065.25,519173
2025-04-08,5165.55,5269.0,5109.8,5231.35,355195
2025-04-09,5270.55,5324.0,5182.35,5258.3,472302
2025-04-11,5290.0,5409.0,5290.0,5350.9,500528
2025-04-15,5464.0,5557.0,5399.0,5529.0,542322
2025-04-16,5549.0,5630.0,5539.0,5615.5,734279
2025-04-17,5615.5,5715.5,5576.0,5678.5,564357
2025-04-21,5695.5,5857.5,5643.5,5810.5,551547
2025-04-22,5811.0,5906.5,5766.5,5784.0,459537
2025-04-23,5789.0,5816.5,5605.5,5740.0,582611
2025-04-24,5736.0,5774.5,5620.0,5650.5,503663
2025-04-25,5662.5,5668.0,5517.5,5575.5,457510
2025-04-28,5580.5,5658.0,5550.5,5622.0,403569
2025-04-29,5626.5,5691.5,5508.0,5579.0,309552
2025-04-30,5605.0,5605.0,5505.5,5567.0,509786
2025-05-02,5560.0,5560.0,5376.0,5437.5,695557
2025-05-05,5469.5,5480.0,5411.0,5460.5,320466
2025-06-20,5530.0,5542.0,5495.0,5525.0,776879
2025-06-23,5495.0,5560.0,5479.5,5552.5,247519
2025-06-24,5589.0,5639.5,5560.0,5629.0,579369
2025-06-25,5632.0,5652.5,5567.5,5576.0,449222
2025-06-26,5576.5,5622.5,5512.0,5611.5,788150
2025-06-27,5615.0,5685.0,5595.0,5660.0,413724
2025-06-30,5660.0,5683.5,5613.0,5656.5,340049
2025-07-01,5656.5,5749.0,5632.5,5715.5,534027
2025-07-02,5687.0,5745.0,5687.0,5722.5,299925
2025-07-03,5710.0,5774.5,5700.0,5716.0,335537
2025-07-04,5715.5,5715.5,5620.0,5629.0,185006
2025-07-07,5630.0,5700.0,5625.0,5682.5,227078
2025-07-08,5705.0,5705.0,5648.5,5679.5,180630
2025-07-09,5671.0,5718.5,5669.5,5695.0,177978
2025-07-10,5692.0,5705.0,5635.0,5652.0,189074
2025-07-11,5632.0,5683.5,5589.0,5612.5,522930
2025-07-14,5606.5,5615.5,5520.5,5540.5,503684
2025-07-15,5590.0,5642.5,5568.5,5591.0,715066
2025-07-16,5600.0,5633.5,5540.0,5626.5,226544
2025-07-17,5668.0,5683.0,5628.0,5650.0,391603
2025-07-18,5664.0,5681.5,5611.5,5627.5,254828
2025-07-21,5597.0,5627.0,5540.5,5558.0,190717
2025-07-22,5470.0,5539.0,5433.5,5439.5,517944
2025-07-23,5432.0,5462.0,5422.0,5441.5,344237
2025-07-24,5440.0,5502.0,5434.0,5469.0,284450
2025-07-25,5480.0,5480.0,5372.5,5433.0,292877
2025-07-28,5433.0,5456.0,5357.0,5386.0,322292
2025-07-29,5390.0,5484.0,5353.0,5470.5,217256
2025-07-30,5465.0,5556.5,5440.0,5481.0,266223
2025-07-31,5450.0,5510.0,5386.5,5468.5,307018
2025-08-01,5551.0,5670.0,5475.0,5528.0,1408773
2025-08-04,5527.5,5670.0,5520.0,5621.0,505407
2025-08-05,5625.0,5690.0,5584.5,5681.0,458305
2025-08-07,5660.0,5694.5,5588.0,5681.5,266900
2025-08-08,5681.5,5711.5,5655.5,5663.0,373874
2025-08-11,5677.0,5708.5,5652.5,5671.5,475811
2025-08-12,5679.5,5694.0,5643.0,5658.0,429572
2025-08-13,5658.0,5757.5,5648.5,5714.5,427562
2025-08-14,5710.0,5785.5,5710.0,5764.0,415010
2025-08-18,5880.0,6024.5,5825.5,5912.0,1288582
2025-08-19,5918.0,5995.0,5891.5,5938.5,843617
2025-08-20,5964.0,5969.5,5905.0,5937.5,510626
2025-08-21,5990.0,5992.5,5898.0,5975.0,499089
2025-08-22,5970.0,5973.0,5913.5,5924.5,273421
2025-08-25,5945.0,6009.0,5880.0,5990.5,822944
2025-08-26,5980.0,6210.0,5960.0,6151.0,1474805
2025-08-28,6269.5,6269.5,6121.0,6133.0,719052
2025-08-29,6149.0,6174.5,6070.0,6103.0,496302
2025-09-01,6085.0,6292.0,6085.0,6280.0,698178
2025-09-02,6310.5,6388.0,6282.5,6349.0,701158
2025-09-03,6349.0,6379.0,6308.0,6371.5,536107
2025-09-04,6690.0,6713.0,6411.5,6425.0,1181698
2025-09-05,6449.0,6598.5,6440.5,6580.5,610721
2025-09-08,6570.5,6848.0,6569.0,6815.0,968116
2025-09-09,6782.0,6937.0,6779.0,6874.5,983283
2025-09-10,6900.0,6924.5,6802.5,6836.5,740607
2025-09-11,6805.0,6828.5,6750.0,6758.0,719575
2025-09-12,6765.0,6899.0,6762.5,6875.0,731798
2025-09-15,6875.0,6900.5,6787.5,6801.0,380686
2025-09-16,6823.0,6954.5,6800.5,6927.5,579275
2025-09-17,6921.0,6938.0,6879.5,6890.5,310534
2025-09-18,6895.5,6935.0,6868.5,6924.5,224356
2025-09-19,6947.0,7018.0,6925.0,6973.5,550551
2025-09-22,7000.0,7005.5,6925.0,6946.0,332786
2025-09-23,7015.0,7122.5,6978.5,6990.5,679055
2025-09-24,6950.0,7060.5,6927.5,7011.5,323002
2025-09-25,7009.5,7044.5,6932.0,6986.0,375861
2025-09-26,6980.0,7091.0,6965.5,7047.0,679362
2025-09-29,7049.0,7073.5,6969.0,6985.0,612976
2025-09-30,6984.5,7032.5,6951.5,7005.5,363934
2025-10-01,7000.0,7063.0,6950.0,7021.5,313734
2025-10-03,7000.0,7008.5,6850.0,6941.0,669742
2025-10-06,6941.0,6955.5,6865.0,6880.0,218200
2025-10-07,6880.0,6999.0,6880.0,6957.0,286586
2025-10-08,6957.0,7007.0,6889.5,6902.5,476286
2025-10-09,6925.0,6958.0,6818.0,6896.5,405889
2025-10-10,6895.5,6984.0,6876.5,6965.0,282882
2025-10-13,6999.5,7047.0,6896.5,6912.0,342990
2025-10-14,6939.5,6942.0,6815.0,6887.0,309415
2025-10-15,6893.5,6940.0,6865.0,6895.0,237366
2025-10-16,6893.0,7016.5,6892.0,6988.0,319047
2025-10-17,6990.0,7099.0,6988.0,7042.5,402013
2025-10-20,7049.0,7104.5,7007.5,7013.5,326177
2025-10-21,7037.0,7058.0,7005.0,7018.5,14379
2025-10-23,7100.0,7100.0,6869.0,6884.5,419750
2025-10-24,6894.0,6909.5,6792.0,6840.0,243740
2025-10-27,6868.0,6927.5,6838.5,6906.5,228141
2025-10-28,6905.0,7022.0,6905.0,7002.5,485231
2025-10-29,7007.5,7007.5,6889.0,6952.0,343504
2025-10-30,6952.0,6988.5,6869.0,6889.0,412184
2025-10-31,6929.0,7099.0,6902.5,7007.0,670785
2025-11-03,7030.0,7070.0,6996.5,7023.5,334962
2025-11-04,7050.0,7060.0,6906.5,6930.0,494329
2025-11-06,6945.0,6975.0,6793.5,6806.5,435650
2025-11-07,6806.5,6897.0,6720.5,6886.0,465149
2025-11-10,6870.0,6915.5,6800.5,6866.5,514365
2025-11-11,6871.5,6890.0,6754.0,6873.0,409676
2025-11-12,6906.5,6925.0,6838.5,6879.0,300606
2025-11-13,6875.0,6946.5,6758.5,6855.0,842032
2025-11-14,6799.0,6850.0,6670.0,6695.0,739163
2025-11-17,6730.0,6809.0,6675.0,6799.0,789635
2025-11-18,6835.0,6854.0,6754.0,6814.5,517129
2025-11-19,6800.0,6911.5,6760.0,6896.5,416170
2025-11-20,6906.0,7138.0,6886.5,7125.5,857232
2025-11-21,7125.5,7205.0,7088.5,7134.5,654156
2025-11-24,7151.5,7284.5,7135.0,7258.5,1229296
2025-11-25,7258.5,7274.5,7180.0,7218.5,521990
2025-11-26,7258.0,7273.0,7180.0,7198.5,313545
2025-11-27,7210.0,7210.5,6981.0,6999.0,480102
2025-11-28,6999.0,7065.0,6956.0,7053.5,449709
2025-12-01,7061.5,7250.0,7025.0,7125.5,974710
2025-12-02,7125.0,7196.0,7091.5,7112.5,448174
2025-12-03,7090.0,7105.0,7042.0,7081.5,333674
2025-12-04,7098.0,7167.5,7066.5,7100.0,364672
2025-12-05,7120.0,7218.0,7070.5,7208.0,501035
2025-12-08,7230.0,7234.0,7115.0,7142.0,273509
2025-12-09,7142.0,7196.0,7052.0,7123.0,436443
2025-12-10,7129.5,7294.0,7129.5,7228.5,626505
2025-12-11,7250.0,7328.5,7220.5,7256.0,502052
2025-12-12,7235.0,7274.5,7188.0,7229.0,324682
2025-12-15,7200.0,7210.5,7094.5,7121.5,391821
2025-12-16,7120.0,7121.5,7035.5,7061.5,505906
2025-12-17,7104.0,7176.5,7080.5,7134.5,594264
2025-12-18,7135.0,7144.0,7013.5,7106.5,327756
2025-12-19,7075.0,7242.0,7075.0,7217.0,423435
2025-12-22,7238.0,7310.0,7213.0,7291.5,233966
2025-12-23,7338.0,7338.0,7280.0,7303.0,249187
2025-12-24,7300.0,7349.5,7240.5,7312.5,205296
2025-12-26,7300.0,7360.0,7274.0,7324.0,157706
2025-12-29,7324.0,7374.5,7232.5,7272.0,282572
2025-12-30,7272.0,7312.0,7132.5,7192.5,1976062
2025-12-31,7189.0,7322.5,7140.0,7312.5,357381
2026-01-01,7317.0,7363.0,7271.5,7348.0,155326
2026-01-02,7348.0,7382.5,7298.0,7334.5,227469
2026-01-05,7344.0,7514.5,7328.0,7482.5,426798
2026-01-06,7514.0,7569.0,7484.5,7522.5,396099
2026-01-07,7523.0,7597.0,7490.0,7582.5,380761
2026-01-08,7590.0,7601.0,7539.0,7551.0,459727
2026-01-09,7582.0,7613.5,7486.0,7507.0,474627
2026-01-12,7477.0,7507.0,7322.0,7436.0,315579
2026-01-13,7488.0,7514.5,7348.0,7404.0,262636
2026-01-14,7390.0,7390.0,7236.0,7358.0,426082
2026-01-16,7330.0,7417.0,7298.5,7315.0,441023
2026-01-19,7300.0,7373.0,7268.5,7323.5,211682
2026-01-20,7336.0,7375.0,7130.0,7173.5,302200
2026-01-21,7100.5,7219.0,7005.0,7140.0,480751
2026-01-22,7175.0,7325.0,7026.0,7049.0,366499
2026-01-23,7088.5,7095.0,6950.0,6973.0,365996
2026-01-27,7020.0,7175.0,6910.5,7164.5,498369
2026-01-28,7124.0,7124.0,6851.0,7071.0,856378
2026-01-29,7071.5,7108.5,6978.0,7056.5,632904
2026-01-30,6980.0,7151.0,6980.0,7122.5,454539
2026-02-02,6805.0,6997.0,6738.0,6985.5,490854
2026-02-03,7200.0,7258.5,7053.0,7215.0,689971
2026-02-04,7215.0,7328.0,7170.5,7277.5,260280
2026-02-05,7290.0,7309.5,7176.5,7209.5,254212
2026-02-06,7209.5,7209.5,7110.5,7177.5,251800
2026-02-09,7116.0,7219.5,7063.5,7195.5,314215
2026-02-10,7280.0,7325.0,7201.0,7296.0,467662
2026-02-11,7505.0,7805.0,7501.0,7771.0,2286430
2026-02-12,7779.5,7968.0,7760.0,7943.0,1107781
2026-02-13,7900.0,8119.0,7886.5,8065.0,967939
2026-02-16,8078.5,8084.5,7968.5,8010.5,589984
2026-02-17,7981.0,8051.5,7925.0,8035.0,266572
2026-02-18,8024.0,8043.5,7945.0,8009.5,223326
2026-02-19,8036.0,8140.0,7884.0,7897.0,424777
2026-02-20,7894.5,7978.0,7885.5,7936.5,264059
2026-02-23,7990.0,8057.5,7937.5,8038.5,247249
2026-02-24,7990.0,8059.5,7902.0,7929.0,430812
2026-02-25,7930.0,8082.0,7772.0,8008.0,618719
2026-02-26,8040.0,8225.0,8024.5,8190.0,427401
2026-02-27,8220.0,8230.0,7987.0,8010.5,774354
2026-03-02,7800.0,7996.5,7715.5,7826.0,494148
2026-03-04,7700.0,7705.0,7571.5,7626.5,593728
2026-03-05,7705.0,7801.5,7615.0,7755.0,568151
2026-03-06,7733.0,7735.0,7603.0,7620.5,366235
2026-03-09,7517.0,7517.0,7237.0,7266.0,554984
2026-03-10,7380.0,7566.5,7338.5,7536.5,494730
2026-03-11,7574.0,7574.0,7227.0,7253.5,621563
2026-03-12,7175.0,7227.5,6961.0,6975.5,1259945
2026-03-13,6865.0,6942.5,6670.0,6741.0,819255
2026-03-16,6701.0,6861.5,6643.5,6827.5,866087
2026-03-17,6827.5,6974.5,6770.0,6910.0,555865
2026-03-18,6984.0,7068.0,6971.0,7027.5,557181
2026-03-19,6929.0,6943.5,6750.0,6793.0,629473
2026-03-20,6802.5,6928.0,6802.5,6909.0,575123
2026-03-23,6790.0,6831.5,6661.0,6681.5,380052
2026-03-24,6800.0,6966.5,6753.0,6871.0,723633
2026-03-25,6988.0,7073.0,6904.0,6992.5,490390
2026-03-27,6915.0,6916.5,6742.0,6811.5,533428
2026-03-30,6730.5,6784.0,6571.5,6586.0,1015357
2026-04-01,6787.5,6891.5,6750.0,6825.5,736957
2026-04-02,6766.0,6766.0,6585.0,6649.5,660432
2026-04-06,6699.0,6710.5,6572.5,6596.0,971230
2026-04-07,6550.0,6660.5,6442.0,6605.5,1150553
2026-04-08,6899.5,7170.0,6851.5,7131.0,917337
2026-04-09,7147.0,7180.5,7037.0,7147.5,648216
2026-04-10,7201.0,7435.5,7201.0,7424.0,705365
2026-04-13,7150.0,7270.5,7037.0,7050.0,1246861
2026-04-15,7160.0,7199.5,7075.0,7128.0,913138
2026-04-16,7160.0,7198.5,7052.0,7131.0,573155
2026-04-17,7130.5,7200.0,7062.0,7189.5,582841
2026-04-20,7160.5,7264.0,7115.0,7243.0,695282
2026-04-21,7243.0,7296.0,7215.0,7240.5,353002
2026-04-22,7215.0,7267.0,7136.5,7230.0,497850
2026-04-23,7195.5,7195.5,7062.0,7092.5,481927
2026-04-24,7054.5,7160.0,7049.0,7111.5,413746
2026-04-27,7150.0,7214.0,7102.0,7174.0,335662
2026-04-28,7170.0,7254.0,7053.0,7071.5,560194
2026-04-29,7106.0,7294.0,7099.0,7189.5,522596
2026-04-30,7120.0,7146.0,6978.0,7109.0,538501
2026-05-04,7109.0,7348.5,7070.0,7329.0,684364
2026-05-06,7370.0,7392.0,7175.5,7310.5,403588
2026-05-07,7360.5,7471.5,7310.5,7327.5,606372
2026-05-08,7299.5,7370.0,7228.0,7302.5,259522
2026-05-11,7269.0,7269.0,7159.0,7202.5,320656
2026-05-12,7203.5,7275.5,7105.0,7126.0,364492
2026-05-13,7125.0,7157.0,6863.0,6971.5,668271
2026-05-14,7000.0,7102.0,6842.5,7034.0,447978
2026-05-15,7030.0,7115.5,6975.0,7014.5,313548
2026-05-18,6970.0,6974.5,6813.0,6913.0,316357
2026-05-19,6936.0,6974.0,6860.0,6882.5,406588
2026-05-20,6813.0,6905.0,6752.5,6849.5,455047
2026-05-21,6902.0,6945.5,6863.0,6892.0,491206
2026-05-22,6925.0,7041.0,6908.5,6981.5,512596
2026-05-25,7237.0,7432.0,7215.0,7414.0,1354536
2026-05-26,7415.0,7441.0,7355.0,7376.0,388413
2026-05-27,7375.0,7429.0,7315.0,7419.0,283327
2026-05-29,7350.0,7440.5,7131.5,7177.0,1464680
2026-06-01,7177.0,7240.5,7069.5,7100.5,600629
2026-06-02,7069.0,7165.0,6950.0,7141.5,452665
2026-06-03,7139.5,7178.0,7045.0,7130.0,413545
2026-06-04,7105.0,7156.0,7030.5,7110.0,429763
2026-06-05,7140.0,7150.0,7029.0,7070.0,422329
2026-06-08,6985.0,7094.0,6956.0,7050.0,402793
2026-06-09,7137.5,7299.0,7050.0,7203.0,547103
2026-06-10,7171.0,7268.0,7155.5,7219.5,480600
2026-06-11,7130.0,7227.0,7078.0,7179.5,425248
2026-06-12,7282.0,7354.5,7212.0,7312.0,300260
2026-06-15,7363.0,7644.5,7280.0,7624.5,784420
2026-06-16,7654.0,7666.0,7540.5,7560.5,453796
2026-06-17,7560.5,7578.5,7452.5,7509.0,404085
2026-06-18,7520.0,7668.0,7520.0,7601.0,485856
2026-06-19,7550.0,7658.0,7501.0,7611.0,682982
2026-06-22,7650.0,7720.5,7615.0,7639.5,375714
2026-06-23,7630.0,7676.0,7557.5,7578.0,365865
2026-06-24,7520.0,7646.0,7488.0,7572.0,324328
2026-06-25,7620.0,7754.0,7582.0,7598.0,673579
2026-06-29,7551.0,7606.5,7375.0,7426.0,2326377
2026-06-30,7392.0,7392.5,6942.5,7073.5,2474671
2026-07-01,7073.5,7160.0,7053.5,7139.0,590493
2026-07-02,7155.0,7270.0,7143.0,7250.0,828736
2026-07-03,7380.0,7380.0,7270.5,7339.5,317988
2026-07-06,7340.0,7498.0,7284.5,7471.5,300086
2026-07-07,7499.0,7603.0,7481.5,7536.0,592213
2026-07-08,7415.0,7593.0,7344.5,7418.5,905003
2026-07-09,7418.0,7449.5,7321.5,7361.0,625976
2026-07-10,7399.5,7455.0,7335.0,7365.5,497082
2026-07-13,7325.0,7339.5,7260.0,7296.5,787762
2026-07-14,7257.0,7313.0,7140.0,7279.5,458624
2026-07-15,7285.0,7428.0,7285.0,7404.5,758954
2026-07-16,7410.0,7451.0,7366.5,7418.5,618180
2026-07-17,7450.0,7575.0,7450.0,7563.5,489811
2026-07-20,7569.0,7582.0,7478.0,7563.5,266324
2026-07-21,7590.0,7710.0,7565.0,7689.5,451075
2026-07-22,7691.5,7740.0,7585.5,7632.0,409800
2026-07-23,7624.5,7789.0,7608.0,7721.5,431136
2026-07-24,7710.0,7710.0,7575.0,7628.0,409577
2026-07-27,7680.0,7847.0,7648.0,7769.5,367549
2026-07-28,7769.5,7889.0,7742.5,7836.0,449880
2026-07-29,7891.0,7915.0,7751.0,7779.0,522935
2026-07-30,7869.5,7930.0,7730.0,7912.5,1496307
2026-07-31,7899.0,7899.0,7794.0,7833.5,720608
2026-08-03,7900.0,8056.0,7852.0,8050.0,1009396
2026-08-04,8024.0,8024.0,7867.5,7935.0,599769
2026-08-05,7960.0,8019.0,7905.5,7986.5,424429
2026-08-07,7940.0,8067.5,7920.0,8020.0,339416
2026-08-10,8000.0,8024.0,7938.0,7975.0,372667
2026-08-11,7955.0,8110.0,7955.0,8000.0,600951
2026-08-12,8000.5,8049.0,7940.0,8049.0,317282
2026-08-14,8100.0,8143.0,8030.0,8066.5,297145
2026-08-17,8058.0,8165.0,8050.0,8050.0,397488
2026-08-18,8040.0,8107.0,8016.5,8018.5,262500
2026-08-19,8016.5,8060.0,7947.5,7990.5,344004
2026-08-20,8047.0,8097.5,7983.0,8042.0,323672
2026-08-21,8095.0,8112.5,7980.0,8010.0,316029
2026-08-24,8010.0,8075.0,7970.0,8047.0,207499
2026-08-25,8008.5,8070.0,7984.0,8055.0,244623
2026-08-26,8048.0,8112.0,8031.5,8035.0,198320
2026-08-27,8015.0,8105.5,7987.0,8100.0,369462
2026-08-28,8140.0,8140.0,8003.0,8059.0,337007
2026-08-31,8000.0,8030.0,7941.5,7953.5,742794
2026-09-01,7975.0,8052.0,7860.0,7970.0,760133
2026-09-02,7860.0,7893.0,7507.5,7711.5,1117588
2026-09-03,7715.0,7738.5,7597.0,7690.0,437245
2026-09-04,7665.0,7665.5,7590.0,7630.5,492954
2026-09-07,7658.0,7729.0,7615.0,7672.0,466050
2026-09-08,7700.0,7747.5,7655.0,7747.5,461637
2026-09-09,7687.0,7784.5,7664.5,7734.5,318638
2026-09-10,7713.0,7746.0,7637.5,7697.0,289058
2026-09-11,7600.0,7633.0,7530.0,7530.0,444280
